ID,Name_lang,Description_lang,ButtonText_lang,RewardDescription_lang,ContinueDescription_lang,Type,PlayerConditionID,Flags,ButtonActionType,TextureFileDataID,LfgDungeonID,QuestID,BattleMasterListID,PriorityMin,PriorityMax,CurrencyType,CurrencyQuantity,UIMapID,BonusPlayerConditionID[0],BonusPlayerConditionID[1],BonusValue[0],BonusValue[1]
7,希尔斯布莱德丘陵,加入被遗忘者的大军，进攻希尔斯布莱德丘陵，为了部落！,开始任务,,,0,33200,0,3,236779,0,28571,0,9,10,0,0,25,33600,0,1,0
8,灰谷,将暗夜精灵赶出灰谷，夺取山谷中的资源，为了部落！,开始任务,,,0,33201,0,3,236713,0,28493,0,9,10,0,0,63,33636,0,1,0
9,哀嚎洞穴,深入哀嚎洞穴，对抗邪恶的毒牙德鲁伊。,加入队伍,,,6,33956,0,1,236450,1,0,0,7,8,0,0,0,33955,33976,0,0
10,死亡矿井,探索西部荒野废弃已久的地下矿井，迪菲亚兄弟会的非法叛军在那里盘踞。,加入队伍,,,6,33202,0,1,236409,6,0,0,7,8,0,0,0,33957,33974,0,0
12,影牙城堡,废弃的城堡俯视着整个银松森林，一支由堕落的吉尔尼斯贵族掌控的势力就盘踞在这座黑暗的堡垒中。,加入队伍,,,6,33774,0,1,463876,8,0,0,7,8,0,0,0,33958,33975,0,0
13,战歌峡谷,在夺旗战中为部落占领战歌峡谷。,加入战斗！,,,5,33717,1,4,236350,0,0,2,1,7,0,0,0,34691,0,1,0
14,阿拉希盆地,在以争夺资源为主题的战场中，与联盟的玩家争夺阿拉希盆地的控制权。,加入战斗！,,,5,33718,1,4,236712,0,0,3,1,7,0,0,0,34691,0,1,0
17,怒焰裂谷,与盘踞在奥格瑞玛地下火山洞穴中的燃刃教徒展开激战！,加入队伍,,,6,33674,0,1,136216,4,0,0,7,8,0,0,0,33959,33977,0,0
21,随机地下城,完成德拉诺之王随机地下城，为你的角色提升装备！,加入队伍,,,6,33723,0,1,1042626,788,0,0,7,8,0,0,0,0,0,0,0
27,随机战场,在随机战场中与其他玩家展开激战！,加入战斗！,,,5,34154,0,8,132269,0,0,32,2,3,0,0,0,33559,0,4,0
29,银松森林,协助被遗忘者统帅部征服吉尔尼斯的港口，为了部落！,开始任务,,,0,33561,0,3,236830,0,28568,0,9,10,0,0,21,33596,0,1,0
30,瓦丝琪尔,与舰队一同出发，占领联盟首都暴风城近海处的一座新岛屿！,开始任务,,,0,33562,0,3,409551,0,27718,0,9,10,0,0,203,33597,33748,0,0
31,海加尔山,死亡之翼的爪牙已经展开了对世界之树的攻击。我们的盟友塞纳里奥议会需要你的帮助！,开始任务,,,0,33563,0,3,409547,0,27721,0,9,10,0,0,198,33598,33748,0,0
32,深岩之洲,萨尔和大地之环展开了对元素位面深岩之洲的突袭，他们需要你的帮助！,开始任务,,,0,33564,0,3,409546,0,27722,0,9,10,0,0,207,33599,0,0,0
33,希尔斯布莱德丘陵,加入被遗忘者的战争机器，进军希尔斯布莱德。为了部落！,开始任务,,,0,33565,1,3,236779,0,28089,0,9,10,0,0,0,33600,0,0,0
34,北贫瘠之地,北贫瘠之地遭到了野猪人和半人马的侵袭，我们需要你的帮助！,开始任务,,,0,33566,0,3,236717,0,28494,0,9,10,0,0,10,33601,34301,1,1
35,艾萨拉,击退联盟军队，占领艾萨拉。为了部落的荣耀！,开始任务,,,0,33567,0,3,236714,0,28496,0,9,10,0,0,76,33602,34632,1,1
36,千针石林,加入部落的军队，与占据千针石林的恐怖图腾叛党作战。,开始任务,,,0,33568,0,3,236848,0,28504,0,9,10,0,0,64,33603,34328,1,1
37,塔纳利斯,帮助部落和锈水财阀在塔纳利斯站稳脚跟，别让联盟抢先了！,开始任务,,,0,33569,0,3,236846,0,28509,0,9,10,0,0,71,33604,0,1,0
38,菲拉斯,帮助部落清剿菲拉斯密林中的联盟和恐怖图腾。,开始任务,,,0,33570,0,3,236764,0,28510,0,9,10,0,0,69,33605,34299,1,1
39,安戈洛环形山,与马绍尔探险队的成员一道揭开安戈洛环形山的秘密。,开始任务,,,0,33571,0,3,236850,0,28526,0,9,10,0,0,78,33606,0,1,0
40,希利苏斯,我们的塞纳里奥盟友需要你帮忙击退希利苏斯的暮光之锤。,开始任务,,,0,33572,0,3,236829,0,28527,0,9,10,0,0,81,33607,0,1,0
41,石爪山脉,帮助石爪山脉的部落大军击退联盟入侵者，保护我们的人民。,开始任务,,,0,33573,0,3,236831,0,28532,0,9,10,0,0,65,33611,0,1,0
42,费伍德森林,塞纳里奥议会需要你的帮助，夺回被恶魔及它们的腐化生物控制了的费伍德森林。,开始任务,,,0,33574,0,3,236763,0,28542,0,9,10,0,0,77,33612,0,1,0
43,冬泉谷,冬泉谷的多诺瓦·雪山找到了一条能彻底解决冬泉熊怪威胁的妙计。,开始任务,,,0,33575,0,3,236854,0,28545,0,9,10,0,0,83,33613,0,1,0
44,凄凉之地,凄凉之地的部落勇士们需要你帮忙对付当地的联盟军队和古代恶魔。,开始任务,,,0,33576,0,3,236742,0,28548,0,9,10,0,0,66,33614,0,1,0
45,南贫瘠之地,联盟最近在贫瘠之地取得了多次胜利，我们的补给线正受到敌人的威胁。我们必须阻止他们！,开始任务,,,0,33577,0,3,236717,0,28549,0,9,10,0,0,199,33615,0,1,0
46,尘泥沼泽,尘泥沼泽充斥着各式各样的敌人，当地的联盟军队也异常强大，十分危险。,开始任务,,,0,33578,0,3,236758,0,28554,0,9,10,0,0,70,33616,34294,1,1
47,奥丹姆,据古代文卷记载，奥丹姆埋藏着超乎想象的财富和宝藏。以部落的名义去征用它们！,开始任务,,,0,33579,0,3,409550,0,28557,0,9,10,0,0,249,33617,0,0,0
48,幽魂之地,在幽魂之地，我们需要击退无穷无尽的天灾入侵者，并让被遗忘者帮助我们对抗天灾军团。这一切都需要你的帮助。,开始任务,,,0,33580,0,3,236765,0,28560,0,9,10,0,0,95,33618,0,1,0
49,阿拉希高地,黑暗女王的军队需要你的帮助以拓张部落的疆土，并赶走联盟的入侵者。,开始任务,,,0,33581,0,3,236712,0,28572,0,9,10,0,0,14,33619,34630,1,1
50,辛特兰,辛特兰的蛮锤矮人正式投靠了联盟。去击败他们！,开始任务,,,0,33582,0,3,236780,0,28574,0,9,10,0,0,26,33620,34631,1,1
51,西瘟疫之地,联盟军队开进了废墟之城安多哈尔。一定要在他们站稳脚跟前阻止他们！,开始任务,,,0,33583,0,3,236851,0,28575,0,9,10,0,0,22,33621,34629,1,1
52,东瘟疫之地,银色北伐军强化了他们在东瘟疫之地的兵力，他们需要你的帮助以巩固当前的胜利。,开始任务,,,0,33584,0,3,236760,0,28577,0,9,10,0,0,23,33622,34627,1,1
53,荒芜之地,联盟拼命想要在荒芜之地站稳脚跟。你要不惜一切代价阻止他们！,开始任务,,,0,33585,0,3,236716,0,28580,0,9,10,0,0,15,33623,0,1,0
54,灼热峡谷,碎手氏族的报告中说灼热峡谷的黑铁矮人似乎正在策划一场战争。,开始任务,,,0,33586,0,3,236815,0,28581,0,9,10,0,0,32,33624,0,1,0
55,燃烧平原,伊崔格之子阿里乌克需要你帮助他阻止黑石兽人的攻势。,开始任务,,,0,33587,0,3,236734,0,28667,0,9,10,0,0,36,33625,0,1,0
56,诅咒之地,巨槌要塞的部落指挥官奥克莉拉要你帮忙镇压造反的食人魔。,开始任务,,,0,33588,0,3,236720,0,28671,0,9,10,0,0,17,33629,0,1,0
57,悲伤沼泽,快去说服贸易巨头银罐继续为我们的战士提供武器和军火吧！,开始任务,,,0,33589,0,3,236720,0,28677,0,9,10,0,0,51,33630,0,1,0
58,北荆棘谷,北荆棘谷的指挥官需要你帮忙确保补给线的畅通。,开始任务,,,0,33591,0,3,236844,0,28688,0,9,10,0,0,50,33631,0,1,0
59,荆棘谷海角,荆棘谷海角的我方军队需要你帮忙清理丛林里盘踞的海盗和纳迦。,开始任务,,,0,33592,0,3,236844,0,28704,0,9,10,0,0,210,33632,0,1,0
60,外域,我们在残破的外域抗击燃烧军团，需要借助你的战斗技巧。,开始任务,,,0,33593,0,3,236813,0,28705,0,9,10,0,0,100,33633,0,0,0
61,诺森德,诺森德的战歌远征军需要你帮助他们抵挡来自亡灵天灾的持续威胁。,开始任务,,,0,33594,0,3,236812,0,28711,0,9,10,0,0,114,33634,34302,0,0
62,暮光高地,大酋长计划对暮光高地发动一场庞大的攻势，他需要你的帮助！,开始任务,,,0,33595,0,3,409549,0,28717,0,9,10,0,0,241,33635,0,0,0
63,赤脊山,赤脊山的联盟兵力捉襟见肘，他们需要你的帮助。,开始任务,,,0,33637,0,3,236814,0,28563,0,9,10,0,0,49,33638,0,1,0
64,辛特兰,联盟的新同胞现在需要你的帮助。部落入侵者威胁到了他们心爱的家园，快去把这些敌人赶跑。,开始任务,,,0,33639,0,3,236780,0,26542,0,9,10,0,0,26,33640,0,1,0
65,西部荒野,为了争夺食物和栖身之处，西部荒野的犯罪率激增。假如你想要帮助联盟，这地方会是个很好的开始。,开始任务,,,0,33641,0,3,236852,0,28562,0,9,10,0,0,52,33642,0,1,0
66,暮色森林,暮色森林的居民们迫切需要你的帮助！,开始任务,,,0,33643,0,3,236757,0,28564,0,9,10,0,0,47,33644,0,1,0
67,瓦丝琪尔,最近我们在暴风城港口近海处的商船多次遭到部落的攻击。我们必须迅速还以颜色。,开始任务,,,0,33645,0,3,409551,0,27724,0,9,10,0,0,203,33646,33713,0,0
68,海加尔山,海加尔山需要你的帮助。塞纳里奥议会报告说，死亡之翼展开了一场针对世界之树的毁灭性攻势！,开始任务,,,0,33648,0,3,409547,0,27726,0,9,10,0,0,198,33649,33713,0,0
69,深岩之洲,大地之环需要你的帮助！他们报告说深岩之洲的元素位面即将与我们的世界发生碰撞，这会毁灭艾泽拉斯的所有生命！,开始任务,,,0,33650,0,3,409546,0,27727,0,9,10,0,0,207,33651,0,0,0
70,黑海岸,洛达内尔的居民需要你帮忙保护他们的城镇免受暮光之锤的攻击。,开始任务,,,0,33652,0,3,236739,0,28490,0,9,10,0,0,62,33653,0,1,0
71,灰谷,绝不能姑息部落对灰谷的侵略行径！快去赶走这些入侵者，让这座神圣的森林恢复宁静。,开始任务,,,0,33657,0,3,236713,0,28492,0,9,10,0,0,63,33658,34292,1,1
72,千针石林,千针石林的哨兵部队需要你帮助他们击退控制了这个区域的恐怖图腾袭击者。,开始任务,,,0,33659,0,3,236848,0,28503,0,9,10,0,0,64,33660,34328,1,1
73,塔纳利斯,联盟需要你帮忙说服塔纳利斯的贸易巨头，让他同意我们开采这座沙漠中价值连城的资源。,开始任务,,,0,33661,0,3,236846,0,28507,0,9,10,0,0,71,33662,0,1,0
74,菲拉斯,菲拉斯的联盟部队需要你帮忙对抗我们的敌人：部落和恐怖图腾。,开始任务,,,0,33663,0,3,236764,0,28511,0,9,10,0,0,69,33664,34298,1,1
75,安戈洛环形山,联盟要你协助马绍尔探险队，帮助他们揭开安戈洛环形山的奥秘。,开始任务,,,0,33665,0,3,236850,0,28525,0,9,10,0,0,78,33666,0,1,0
76,希利苏斯,位于希利苏斯的塞纳里奥议会盟军需要你帮忙击退暮光之锤的攻势。,开始任务,,,0,33667,0,3,236829,0,28528,0,9,10,0,0,81,33668,0,1,0
77,凄凉之地,我们在凄凉之地那些英勇的士兵们被恶魔和部落的军队包围了，他们需要你的帮助。,开始任务,,,0,33669,0,3,236742,0,28531,0,9,10,0,0,66,33670,0,1,0
78,石爪山脉,部落军队意图向石爪山推进，必须阻止他们！,开始任务,,,0,33671,0,3,236742,0,28539,0,9,10,0,0,65,33672,0,1,0
79,费伍德森林,翡翠圣地需要你的帮助，将费伍德森林从恶魔势力的笼罩下解放出来。,开始任务,,,0,33673,0,3,236763,0,28543,0,9,10,0,0,77,33675,0,1,0
80,冬泉谷,冬泉谷的多诺瓦·雪山需要你帮助她消除冬泉熊怪的威胁。,开始任务,,,0,33676,0,3,236854,0,28544,0,9,10,0,0,83,33677,0,1,0
81,南贫瘠之地,联盟的战士们在南贫脊之地捷报频传。我们需要你的力量以巩固胜利果实！,开始任务,,,0,33678,0,3,236717,0,28550,0,9,10,0,0,199,33679,0,1,0
82,尘泥沼泽,你需要协助军情七处的加莉亚·哈斯汀，消除来自塞拉摩内外的威胁。,开始任务,,,0,33680,0,3,236758,0,28552,0,9,10,0,0,70,33681,34296,1,1
83,奥丹姆,成为有史以来第一批踏入奥丹姆的探险者，并以联盟的名义发掘这座光辉古城中的财宝！,开始任务,,,0,33682,0,3,409550,0,28558,0,9,10,0,0,249,33683,0,0,0
84,秘血岛,秘血岛的居民需要你帮助他们对付奸诈的血精灵和岛上横行的怪物。,开始任务,,,0,33684,0,3,236721,0,28559,0,9,10,0,0,106,33685,0,1,0
85,湿地,经历了大灾变的摧残，湿地现在遍布着野兽、兽人掠夺者和野蛮的豺狼人。,开始任务,,,0,33686,0,3,236853,0,28565,0,9,10,0,0,56,33687,0,1,0
86,洛克莫丹,巨石水坝被毁后，矮人巡山人们有些应接不暇了。他们迫切需要援助！,开始任务,,,0,33688,0,3,236808,0,28567,0,9,10,0,0,48,33689,0,1,0
87,阿拉希高地,阿拉希高地需要你的协助。我们要恢复激流堡古城的荣光！,开始任务,,,0,33690,0,3,236712,0,28573,0,9,10,0,0,14,33691,0,1,0
88,西瘟疫之地,我们在安多哈尔取得了胜利，但旋即遭到了被遗忘者的反击。我们需要你的帮助以击退当地的部落和天灾，夺回西瘟疫之地的安多哈尔。,开始任务,,,0,33692,0,3,236851,0,28576,0,9,10,0,0,22,33693,34625,1,1
89,东瘟疫之地,银色北伐军需要你的帮助，从天灾手中夺回东瘟疫之地。,开始任务,,,0,33694,0,3,236760,0,28578,0,9,10,0,0,23,33695,0,1,0
90,荒芜之地,我们需要你帮忙调查死亡之翼对荒芜之地造成的破坏，以及那里部落军队的部署情况。,开始任务,,,0,33696,0,3,236716,0,28579,0,9,10,0,0,15,33697,0,1,0
91,灼热峡谷,军情七处报告说灼热峡谷的黑铁矮人正在策划一次进攻。快去阻止他们，否则就迟了！,开始任务,,,0,33698,0,3,236815,0,28582,0,9,10,0,0,32,33699,0,1,0
92,燃烧平原,我们急需你前往燃烧平原，终结黑石兽人的威胁！,开始任务,,,0,33700,0,3,236734,0,28666,0,9,10,0,0,36,33701,0,1,0
93,诅咒之地,守望堡急需你的帮助，以遏制部落深入诅咒之地的脚步。,开始任务,,,0,33702,0,3,236720,0,28673,0,9,10,0,0,17,33703,0,1,0
94,悲伤沼泽,去和悲伤沼泽的贸易巨头银罐沟通一下，确保他能稳定地向联盟供应军火！,开始任务,,,0,33704,0,3,236845,0,28675,0,9,10,0,0,51,33705,0,1,0
95,北荆棘谷,库尔森上校背叛暴风城已经是好几年前的事了，但他的命运依然是个谜。帮助幸存者了解上校的近况。,开始任务,,,0,33706,0,3,236844,0,28699,0,9,10,0,0,224,33707,0,1,0
96,荆棘谷海角,荆棘谷海角的探险者协会需要你的帮助，以保护他们的挖掘场和考古发现不被食人魔袭击。,开始任务,,,0,33708,0,3,236844,0,28702,0,9,10,0,0,210,33709,0,1,0
97,外域,燃烧军团的恶魔大军从外域发动了入侵！为了对抗他们，远征军需要你的帮助。,开始任务,,,0,33710,0,3,236813,0,28708,0,9,10,0,0,100,33713,33711,0,0
98,诺森德,无畏远征军需要你帮助他们控制住诺森德的天灾军团，守护文明世界。,开始任务,,,0,33712,0,3,236812,0,28709,0,9,10,0,0,113,33713,33714,0,0
99,暮光高地,瓦里安国王需要一位可靠的英雄，帮助他执行一项至关重要的任务。,开始任务,,,0,33715,0,3,409549,0,28716,0,9,10,0,0,241,33716,0,0,0
100,潘达利亚,快去格罗玛什要塞，向新酋长宣誓效忠吧！,开始任务,,,0,33727,0,3,652174,0,29611,0,9,10,0,0,371,33728,33748,0,0
101,四风谷,据当地人说，有一名强大的熊猫人武僧正在四风谷旅行。你能否赢得他的好感呢？,开始任务,,,0,33730,0,3,618317,0,38935,0,9,10,0,0,376,33731,0,0,0
102,昆莱山,翡翠林之战的幸存者们已经前往了昆莱山，现在他们迫切需要你的帮助。,开始任务,,,0,33735,0,3,617832,0,38936,0,9,10,0,0,379,33736,34300,0,0
103,螳螂高原,影踪派正浩浩荡荡地跨越长城进入螳螂高原。快去协助他们展开突击行动吧！,开始任务,,,0,33738,0,3,618796,0,39127,0,9,10,0,0,388,33739,34329,0,0
104,恐惧废土,守护长城的影踪派正招募援军以对抗恐惧废土的螳螂妖大军。他们需要你的帮助。,开始任务,,,0,33740,0,3,624970,0,31000,0,9,10,0,0,422,33741,34293,0,0
105,锦绣谷,锦绣谷遭到了攻击。安度因·乌瑞恩王子现已前往昆莱山白虎寺，请求潘达利亚的人民允许外来者进驻这座山谷，以在必要的时候提供援手。他需要你的帮助。,开始任务,,,0,33743,0,3,618798,0,31392,0,9,10,0,0,390,33744,34330,0,0
106,锦绣谷,锦绣谷遭到了攻击。烈日行者德兹科现已前往昆莱山白虎寺。,开始任务,,,0,33745,0,3,618798,0,31393,0,9,10,0,0,390,33746,34330,0,0
107,德拉诺,大法师卡德加，二次大战的英雄，正在召集艾泽拉斯最强大的勇士们组成联军，共同突入黑暗之门。,开始任务,,帮助大法师卡德加击退钢铁部落并关闭塔纳安丛林里的黑暗之门！,0,33747,0,3,1048305,0,34398,0,9,10,0,0,577,33748,33750,0,0
108,德拉诺,大法师卡德加，二次大战的英雄，正在召集艾泽拉斯最强大的勇士们组成联军，共同突入黑暗之门。,开始任务,,帮助大法师卡德加击退钢铁部落并关闭塔纳安丛林里的黑暗之门！,0,34668,0,3,1048305,0,34398,0,9,10,0,0,577,33713,33750,0,0
109,戈尔隆德,指挥官，杜隆坦打算带领一支突击小分队进入戈尔隆德，对当地的钢铁部落要塞发动反击。他需要你的援助。,开始任务,,,0,33751,0,3,1046803,0,35557,0,9,10,0,0,543,33752,0,0,0
110,戈尔隆德,指挥官，伊瑞尔和玛尔拉德打算带领一支突击小分队进入戈尔隆德，对当地的钢铁部落要塞发动反击。他需要你的援助。,开始任务,,,0,33753,0,3,1046803,0,35556,0,9,10,0,0,543,33754,0,0,0
111,塔拉多,钢铁部落已经在塔拉多登陆，并试图从我们手中夺走这个战略要地。我们需要你的力量，指挥官。,开始任务,,,0,33755,0,3,1060985,0,36953,0,9,10,0,0,535,33756,0,0,0
112,阿兰卡峰林,阿兰卡峰林现在遍地都是战火与暴乱。许多鸦人流亡者正成群结队地逃离那里，他们可以成为我们极有价值的盟友。,开始任务,,,0,33757,0,3,1060981,0,36951,0,9,10,0,0,542,33758,0,0,0
113,阿兰卡峰林,指挥官，阿兰卡峰林现在遍地都是战火与暴乱。许多鸦人流亡者正成群结队地逃离那里，他们可以成为我们极有价值的盟友。,开始任务,,,0,33759,0,3,1060981,0,36951,0,9,10,0,0,542,33760,0,0,0
114,塔拉多,钢铁部落已经在塔拉多登陆，并试图从我们手中夺走这个战略要地。我们需要你的力量，指挥官。,开始任务,,,0,33761,0,3,1060985,0,34676,0,9,10,0,0,535,33762,0,0,0
115,纳格兰,萨尔正在征集援助，以在纳格兰建立一座要塞。那里是可怕的战歌氏族和火刃氏族的家园。,开始任务,,,0,33765,0,3,1032150,0,36952,0,9,10,0,0,550,33766,0,0,0
116,纳格兰,守备官伊瑞尔正在征集援助，以在纳格兰建立一座要塞。那里是可怕的战歌氏族和火刃氏族的家园。,开始任务,,,0,33767,0,3,1032150,0,34674,0,9,10,0,0,550,33768,0,0,0
117,准备进攻！,大酋长沃金莅临你的要塞，来和你共同商讨进攻塔纳安丛林的战略。你的部队准备好了吗？,开始任务,,在你的要塞中与酋长沃金交谈，商讨进攻塔纳安丛林的计划。,0,33769,0,3,1048305,0,38567,0,9,10,0,0,543,33770,0,0,0
118,阿拉希盆地,在以争夺资源为主题的战场中，与部落的玩家争夺阿拉希盆地的控制权。,加入战斗！,,,5,33772,1,4,236712,0,0,3,1,7,0,0,0,34691,0,1,0
119,准备进攻！,瓦里安·乌瑞恩国王莅临你的要塞，来和你共同商讨进攻塔纳安丛林的战略。你的部队准备好了吗？,开始任务,,在你的要塞中与瓦里安·乌瑞恩国王交谈，商讨进攻塔纳安丛林的计划。,0,33771,0,3,1048305,0,38253,0,9,10,0,0,543,33773,0,0,0
120,黑暗深渊,这座古老的暗夜精灵神庙现已被暮光之锤所占据。在某种古老的邪恶力量被唤醒之前击败他们。,加入队伍,,,6,33775,0,1,236436,10,0,0,7,8,0,0,0,33809,33978,0,0
123,暴风城监狱,暴风城监狱的囚犯们打算越狱。阻止他们！,加入队伍,,,6,33806,0,1,134163,12,0,0,7,8,0,0,0,33810,33979,0,0
124,诺莫瑞根,潜入被辐射污染的侏儒首都诺莫瑞根，清除在其中横行的穴居人、麻风侏儒和机械怪兽。,加入队伍,,,6,33807,0,1,236424,14,0,0,7,8,0,0,0,33811,33981,0,0
125,血色大厅,血色十字军最凶猛的战士们正在血色大厅中组建一支军队。在他们出击前击溃他们。,加入队伍,,,6,33808,0,1,133154,163,0,0,7,8,0,0,0,33813,33982,0,0
126,血色修道院,攻入血色十字军的要塞血色修道院，将他们那些疯狂的领袖绳之以法。,加入队伍,,,6,33814,0,1,135955,164,0,0,7,8,0,0,0,33815,33816,0,0
127,玛拉顿,进入玛拉顿的水晶洞穴，据说那里盘踞着一个恶魔。,加入队伍,,,6,33817,0,1,136345,272,0,0,7,8,0,0,0,33818,0,0,0
128,剃刀沼泽,你需要深入遍布荆棘的剃刀沼泽，那里是野猪人的巢穴和要塞。,加入队伍,,,6,33819,0,1,236405,16,0,0,7,8,0,0,0,33820,33983,0,0
129,毒菇洞穴,深入位于地下的毒菇洞穴，净化根植于玛拉顿深处的腐蚀。,加入队伍,,,6,33821,0,1,136345,26,0,0,7,8,0,0,0,33818,0,0,0
130,地歌瀑布,我们需要一位英雄深入玛拉顿的洞穴，终结瑟莱德丝公主和她的爪牙造成的腐蚀。,加入队伍,,,6,33822,0,1,136345,273,0,0,7,8,0,0,0,33818,33984,0,0
131,奥达曼,探索奥达曼，这座古代的泰坦城市中遍布着他们的失败作品和各种神奇的宝藏。,加入队伍,,,6,33823,0,1,236401,22,0,0,7,8,0,0,0,33824,33985,0,0
132,扭木广场,进入厄运之槌东区，清除盘踞在其中的堕落古树和怪物。,加入队伍,,,6,33825,0,1,136333,34,0,0,7,8,0,0,0,33826,0,0,0
133,通灵学院,我们正召集英雄前往通灵学院，对抗学院中那些可怕的通灵师以及他们的亡灵造物。,加入队伍,,,6,33827,0,1,135974,2,0,0,7,8,0,0,0,33828,33986,0,0
134,中心花园,一些盲目追求重获永生的暗夜精灵招来了黑暗的诅咒。赶快进入厄运之槌的废墟，彻底终结那里的诅咒。,加入队伍,,,6,33829,0,1,136333,36,0,0,7,8,0,0,0,33830,0,0,0
135,剃刀高地,这座野猪人的要塞出现了亡灵，这是令人担忧的信号，也许天灾正试图在卡利姆多建立一座据点。,加入队伍,,,6,33832,0,1,236400,20,0,0,7,8,0,0,0,33831,33987,0,0
136,戈多克议会,凶残的戈多克食人魔控制了厄运之槌的北侧，并企图利用那里蕴藏的能量。,加入队伍,,,6,33833,0,1,132340,38,0,0,7,8,0,0,0,33830,33988,0,0
137,斯坦索姆－正门,曾经辉煌的人类城市斯坦索姆现已成为一座遍布亡灵的废墟。只有最强大的英雄才敢从正门闯入。,加入队伍,,,6,33834,0,1,237511,40,0,0,7,8,0,0,0,33835,33989,0,0
138,祖尔法拉克,祖尔法拉克的沙怒巨魔曾经有过强大而又残忍的历史。最近他们似乎在聚集一支由亡灵组成的军队，你会站出来对抗他们吗？,加入队伍,,,6,33838,0,1,236406,24,0,0,7,8,0,0,0,33837,33990,0,0
139,斯坦索姆－后门,我们在斯坦索姆城的废墟中找到了另一处入口，快利用它去打击城中的天灾军团吧。,加入队伍,,,6,33839,0,1,237511,274,0,0,7,8,0,0,0,33840,33991,0,0
140,禁闭室,黑石深渊的黑铁矮人们竟然勾结了暮光之锤教派，必须阻止他们。,加入队伍,,,6,33841,0,1,236410,30,0,0,7,8,0,0,0,33842,33992,0,0
141,沉没的神庙,深入这座沉没的神庙，终结盘踞在其中的被腐化的绿龙守卫，并阻止那些阿塔莱巨魔祭祀。,加入队伍,,,6,33843,0,1,236434,28,0,0,7,8,0,0,0,33844,33993,0,0
142,黑石深渊,深入黑铁矮人的首都，击败他们邪恶的领袖：索瑞森大帝。,加入队伍,,,6,33845,0,1,236410,276,0,0,7,8,0,0,0,33842,33994,0,0
143,黑石塔下层,一支所谓的“部落”正聚集在酋长雷德·黑手的旗下，击败他们的部队，还有他们的黑龙盟友。,加入队伍,,,6,33846,0,1,236429,32,0,0,7,8,0,0,0,33847,33995,0,0
144,地狱火城墙,向地狱火半岛上那座几乎坚不可摧的邪能部落基地展开突击。,加入队伍,,,6,33848,0,1,236427,136,0,0,7,8,0,0,0,33849,33996,0,0
145,鲜血熔炉,邪能部落正对他们自己的人民展开各种黑暗而可怕的实验，想要制造出凶猛的士兵用于作战。,加入队伍,,,6,33850,0,1,236417,137,0,0,7,8,0,0,0,33849,33851,0,0
146,奴隶围栏,赞加沼泽的奴隶围栏中，邪恶的盘牙纳迦抓捕了许多奴隶，快去解放他们。,加入队伍,,,6,33852,0,1,236433,140,0,0,7,8,0,0,0,33853,33997,0,0
147,幽暗沼泽,进入幽暗沼泽，对抗来自深渊中的古怪的真菌生物。,加入队伍,,,6,33854,0,1,254502,146,0,0,7,8,0,0,0,33853,33855,0,0
148,法力陵墓,节点亲王沙法尔手下的虚灵正在亵渎奥金顿的德莱尼陵墓，阻止他们。,加入队伍,,,6,33856,0,1,236426,148,0,0,7,8,0,0,0,33857,33998,0,0
149,奥金尼地穴,探索古老的奥金尼陵墓，击败墓中的德莱尼鬼魂，并让发狂的陵墓守卫者们安息。,加入队伍,,,6,33858,0,1,236411,149,0,0,7,8,0,0,0,33857,33999,0,0
150,逃离敦霍尔德,穿越时空回到昔日的希尔斯布莱德丘陵，阻止邪恶势力刺杀尚未成年的萨尔。,加入队伍,,,6,33859,0,1,254647,170,0,0,7,8,0,0,0,33861,34000,0,0
151,塞泰克大厅,与控制了塞泰克大厅的强大鸦人法师们展开激战。,加入队伍,,,6,33862,0,1,236435,150,0,0,7,8,0,0,0,33857,34001,0,0
152,能源舰,与能源舰的血精灵展开激战，阻止他们揭开飞船中隐藏着的纳鲁秘密。,加入队伍,,,6,33863,0,1,236430,172,0,0,7,8,0,0,0,33864,34002,0,0
153,魔导师平台,凯尔萨斯·逐日者勾结燃烧军团的行径已经暴露，他已经撤回了魔导师平台。我们必须阻止他！,加入队伍,,,6,33865,0,1,250117,198,0,0,7,8,0,0,0,33868,34003,0,0
154,乌特加德城堡,乌特加德城堡曾一度被认为是个荒堡，但如今维库人的脚步声再一次出现在了这座古老的大殿中。,加入队伍,,,6,33888,0,1,236528,202,0,0,7,8,0,0,0,33889,34004,0,0
155,魔枢,玛里苟斯的部队正将所有的奥术能量都导向魔枢。必须阻止他们，否则我们的世界将永远失去魔法的力量。,加入队伍,,,6,33890,0,1,236498,225,0,0,7,8,0,0,0,33891,34005,0,0
156,艾卓-尼鲁布,前往艾卓-尼鲁布，这个一度辉煌的蜘蛛帝国现在已经沦落为向巫妖王效忠的亡灵聚集地。,加入队伍,,,6,33892,0,1,236463,204,0,0,7,8,0,0,0,33893,34006,0,0
157,安卡赫特：古代王国,深入古代地下城市安卡赫特，战胜苏醒于世界深处的可怕力量。,加入队伍,,,6,33894,0,1,236459,218,0,0,7,8,0,0,0,33893,33895,0,0
158,达克萨隆要塞,突袭达克萨隆要塞，战胜控制了这座要塞的亡灵军队。,加入队伍,,,6,33896,0,1,250122,214,0,0,7,8,0,0,0,33898,34007,0,0
159,紫罗兰监狱,蓝龙军团意图将最可怕的囚犯释放出来，肯瑞托需要你的帮助。,加入队伍,,,6,33899,0,1,236513,220,0,0,7,8,0,0,0,33900,34008,0,0
160,岩石大厅,与著名探险家布莱恩·铜须一同冒险，探索古代泰坦工厂：岩石大厅。,加入队伍,,,6,33901,0,1,236518,208,0,0,7,8,0,0,0,33902,34009,0,0
161,古达克,古达克的巨魔背叛了他们自己的神明，不惜杀戮神灵以获得其力量。,加入队伍,,,6,33903,0,1,236488,216,0,0,7,8,0,0,0,33904,34010,0,0
162,闪电大厅,突袭洛肯的要塞，并在闪电大厅的王座前挑战他。,加入队伍,,,6,33905,0,1,236523,207,0,0,7,8,0,0,0,33906,34011,0,0
163,乌特加德之巅,伊米隆国王回来了，他现在效忠于巫妖王。我们必须在伊米隆和他的军队达到全盛状态前击败他们。,加入队伍,,,6,33907,0,1,236533,203,0,0,7,8,0,0,0,33908,0,0,0
164,魔环,魔环的蓝龙军团正将全世界的魔法输往扭曲虚空，必须阻止他们。,加入队伍,,,6,33909,0,1,236499,206,0,0,7,8,0,0,0,33891,33910,0,0
165,净化斯坦索姆,穿越时空回到过去。在那个命运之日，阿尔萨斯王子率领他的军队在斯坦索姆被天灾瘟疫吞噬前进入了这座城市。,加入队伍,,,6,33911,0,1,236478,209,0,0,7,8,0,0,0,33912,34012,0,0
166,黑石岩窟,黑石山的深处，暮光之锤与死亡之翼的军队正在联手制造危险的怪物。,加入队伍,,,6,33913,0,1,409594,303,0,0,7,8,0,0,0,33914,34013,0,0
167,潮汐王座,与水元素领主耐普图隆一同对抗纳迦和上古之神势力联军的入侵。,加入队伍,,,6,33917,0,1,409600,302,0,0,7,8,0,0,0,33918,34014,0,0
168,旋云之巅,深入气元素位面，与天空之墙的部队及风暴幼龙展开激战。,加入队伍,,,6,33919,0,1,409599,311,0,0,7,8,0,0,0,33920,34015,0,0
169,巨石之核,暮光之锤教徒和他们的元素扭曲者们防守着土元素位面的巨石之核。,加入队伍,,,6,33921,0,1,409595,307,0,0,7,8,0,0,0,33922,34016,0,0
170,托维尔失落之城,尼斐塞特的托维尔追随者们身上的血肉诅咒被治愈了。现在他们威胁到了周围一带地区的和平。,加入队伍,,,6,33923,0,1,409598,312,0,0,7,8,0,0,0,33924,34017,0,0
171,格瑞姆巴托,暮光之锤的入侵者占据了矮人城市格瑞姆巴托，并带来了一股古老而邪恶的力量。,加入队伍,,,6,33925,0,1,409596,304,0,0,7,8,0,0,0,33926,34018,0,0
172,风暴烈酒酿造厂,深入著名的风暴烈酒酿造厂，解决酒厂里的麻烦。,加入队伍,,,6,33927,0,1,594272,465,0,0,7,8,0,0,0,33932,34019,0,0
173,青龙寺,对抗疑之煞，阻止它占据青龙寺。,加入队伍,,,6,33933,0,1,603529,464,0,0,7,8,0,0,0,33934,34020,0,0
174,魔古山宫殿,潘达利亚大陆上仍占有统治地位的三支魔古部族在魔古山宫殿中聚集着力量。必须阻止他们。,加入队伍,,,6,33935,0,1,615499,467,0,0,7,8,0,0,0,33936,34021,0,0
175,影踪禅院,狂之煞、怒之煞以及恨之煞正试图腐化古老的影踪派。面对他们，阻止他们的邪恶图谋。,加入队伍,,,6,33937,0,1,645204,466,0,0,7,8,0,0,0,33938,34022,0,0
176,血槌炉渣矿井,闯进可怕的血槌炉渣矿井，解放被食人魔抓来的奴隶。,加入队伍,,,6,33939,0,1,1002599,787,0,0,7,8,0,0,0,33940,34023,0,0
177,钢铁码头,钢铁部落的海军舰队集结在戈尔隆德的钢铁码头。必须阻止他们。,加入队伍,,,6,33941,0,1,1003154,821,0,0,7,8,0,0,0,33942,34024,0,0
178,奥金顿,我们需要一位英雄，驱逐渗透进奥金顿的暗影议会势力，阻止他们利用这座古代德莱尼陵墓中蕴藏的力量来作恶。,加入队伍,,,6,33943,0,1,1002597,820,0,0,7,8,0,0,0,33944,34025,0,0
179,通天峰,向通天峰和那里邪恶的鸦人发动攻击，他们正利用太阳的力量对付他们的敌人。,加入队伍,,,6,33945,0,1,1002596,779,0,0,7,8,0,0,0,33946,34026,0,0
186,假日活动：练习赛,在假日活动期间与其他玩家在练习赛中对抗。,开始任务,,,4,34058,0,3,975743,0,83358,0,91,91,0,0,0,0,0,0,0
187,假日活动：战场,在假日活动期间与其他玩家在战场上对抗！,开始任务,,,4,34059,0,3,132269,0,83345,0,91,91,0,0,0,0,0,0,0
191,假日活动：宠物对战,在假日活动期间参与宠物对战！,开始任务,,,4,34116,0,3,132269,0,83357,0,91,91,0,0,0,0,0,0,0
195,假日活动：世界任务,假日活动期间在卡兹阿加完成世界任务，获得更多的奖励！,开始任务,完成此任务后你可以提升自己选择的地心之战阵营的名望！,,4,44601,0,3,136349,0,83366,0,91,91,0,0,0,0,0,0,0
196,练习赛,在2v2和3v3的练习赛中与其他玩家展开激战！,加入练习赛,,,5,34197,0,5,236326,0,0,32,3,5,0,0,0,33559,0,2,0
197,战歌峡谷,在这个夺旗战场中为联盟夺取战歌峡谷。,加入战斗！,,,5,34277,1,4,236350,0,0,2,1,7,0,0,0,34691,0,1,0
198,昆莱山,翡翠林之战的幸存者们已经前往了昆莱山，现在他们迫切需要你的帮助。,开始任务,,,0,34950,0,3,617832,0,38936,0,9,10,0,0,379,33737,34300,0,0
199,美酒节,美酒节遭到了黑铁矮人的攻击！快去黑石深渊干掉他们的首领。,寻找组队,,,4,34325,0,1,133201,287,0,0,6,12,0,0,0,0,0,0,0
200,钓鱼大赛！,快去藏宝海湾参加荆棘谷钓鱼大赛，和其他玩家一较高下吧！比赛将在下午2点开始。,,,,2,34518,0,0,132931,0,0,0,6,12,0,0,0,0,0,0,0
201,专业,炼金、采矿之类的专业技能可以让你制造和采集有用的物品。去任意主城跟守卫问个路，就可以找到训练师！,,,,2,34334,0,0,643416,0,0,0,1,1,0,0,0,34338,0,4,0
202,赞加沼泽,我们塞纳里奥远征队的盟友需要你协助他们在赞加沼泽的行动。,开始任务,,,0,34349,0,3,236855,0,39180,0,9,10,0,0,102,34350,0,0,0
203,赞加沼泽,我们塞纳里奥远征队的盟友需要你协助他们在赞加沼泽的行动。,开始任务,,,0,34351,0,3,236855,0,39181,0,9,10,0,0,102,34352,0,0,0
204,泰罗卡森林,泰罗克森林需要你帮忙抵挡部落的敌人。,开始任务,,,0,34354,0,3,236847,0,39182,0,9,10,0,0,108,34355,0,0,0
205,泰罗卡森林,泰罗克森林需要你帮忙抵挡联盟的敌人。,开始任务,,,0,34357,0,3,236847,0,39188,0,9,10,0,0,108,34356,0,0,0
206,纳格兰,加拉达尔的玛格汉兽人需要帮助。赶快奔赴纳格兰，代表部落助他们一臂之力吧。,开始任务,,,0,34358,0,3,236810,0,39196,0,9,10,0,0,107,34359,0,0,0
207,纳格兰,国王正在号召志愿者前往纳格兰与库雷尼协商。,开始任务,,,0,34369,0,3,236810,0,39197,0,9,10,0,0,107,34370,0,0,0
208,辅助专业技能,所有角色都可以学习诸如烹饪、钓鱼这样的辅助专业技能。去任意主城跟守卫问个路，就可以找到训练师！,,,,2,34371,0,0,4620671,0,0,0,0,0,0,0,0,34338,0,3,0
209,刀锋山,前往刀锋山，找到食人魔位于外域的要塞和他们的戈隆主子。,开始任务,,,0,34372,0,3,236719,0,39198,0,9,10,0,0,105,34373,0,0,0
210,刀锋山,前往刀锋山，找到食人魔位于外域的要塞和他们的戈隆主子。,开始任务,,,0,34374,0,3,236719,0,39199,0,9,10,0,0,105,34375,0,0,0
211,虚空风暴,前往被法力撕裂的虚空风暴，与恶魔、凯尔萨斯的爪牙以及肆无忌惮的地精火箭做斗争。,开始任务,,,0,34377,0,3,236811,0,39201,0,9,10,0,0,109,34378,0,0,0
212,虚空风暴,前往被法力撕裂的虚空风暴，与恶魔、凯尔萨斯的爪牙以及肆无忌惮的地精火箭做斗争。,开始任务,,,0,34379,0,3,236811,0,39202,0,9,10,0,0,109,34380,0,0,0
213,龙骨荒野,联盟已将兵力集结于龙骨荒野，一边巩固防线一边对巫妖王发起攻势。,开始任务,,,0,34383,0,3,236743,0,39204,0,9,10,0,0,115,34384,0,0,0
214,龙骨荒野,部落已将兵力集结于龙骨荒野，一边巩固防线一边对巫妖王发起攻势。,开始任务,,,0,34386,0,3,236743,0,39203,0,9,10,0,0,115,34385,0,0,0
215,灰熊丘陵,部落需要英雄们协助在灰熊丘陵建立前哨站。,开始任务,,,0,34387,0,3,236766,0,39206,0,9,10,0,0,116,34388,0,0,0
216,灰熊丘陵,联盟将在灰熊丘陵建立一座岗哨，需要你这样的英雄的协助。,开始任务,,,0,34389,0,3,236766,0,39207,0,9,10,0,0,116,34390,0,0,0
217,祖达克,为了对抗祖达克的巨魔和入侵那里的天灾军团，黑锋骑士团和银色北伐军需要你的帮助。,开始任务,,,0,34391,0,3,236856,0,39208,0,9,10,0,0,121,34392,0,0,0
218,达拉然,拜访晶歌森林天空中的魔法浮空城达拉然。,开始任务,,,0,34393,0,3,237509,0,39210,0,9,10,0,0,125,34394,0,0,0
219,暗月马戏团,暗月马戏团来了！在艾尔文森林的闪金镇附近可以找到通往暗月岛的传送门。,,,,0,34381,0,0,535990,0,0,0,6,12,515,0,0,0,0,0,0
220,暗月马戏团,暗月马戏团来了！在莫高雷的雷霆崖附近可以找到通往暗月岛的传送门。,,,,0,34382,0,0,535990,0,0,0,6,12,515,0,0,0,0,0,0
221,索拉查盆地,前往索拉查盆地的原始丛林。,开始任务,,,0,34403,0,3,236817,0,39209,0,9,10,0,0,119,34404,0,0,0
222,索拉查盆地,前往索拉查盆地的原始森林探险。,开始任务,,,0,34405,0,3,236817,0,39212,0,9,10,0,0,119,34406,0,0,0
223,风暴峭壁,风暴峭壁的古老群山之中，冒险在等待着你。,开始任务,,,0,34409,0,3,236832,0,12853,0,9,10,0,0,120,34410,0,0,0
224,潘达利亚,暴风城的国王正在集结一支精英小队，他点名要你参与。,开始任务,,,0,34411,0,3,652174,0,29547,0,9,10,0,0,371,34412,33713,0,0
227,美酒节,一年一度的美酒节已经开始啦！去找铁炉堡外边的露天酒市吧！,,你将赢得各种有趣的奖励，如宠物和时令服装！,,4,34480,0,0,133201,0,0,0,6,12,0,0,0,0,0,0,0
228,美酒节,一年一度的美酒节已经开始啦！去找奥格瑞玛外边的露天酒市吧！,,你将赢得各种有趣的奖励，如宠物和时令服装！,,4,34481,0,0,133201,0,0,0,6,12,0,0,0,0,0,0,0
230,仲夏火焰节,火焰节的神圣篝火受到了冰霜之王埃霍恩的威胁！快和其他玩家一起努力打倒他吧。,寻找组队,,,4,34520,0,1,135805,286,0,0,6,12,0,0,0,0,0,0,0
232,史诗地下城,挑战德拉诺之王的史诗地下城，测试你的技巧并赢取丰厚奖励！,加入队伍,,,6,34621,4,6,1042626,1008,0,0,7,8,0,0,0,34624,0,0,0
234,战斗宠物训练,战斗宠物训练可以让你捕捉并升级特殊的宠物！快去暴风城和奥黛丽·伯恩赫普谈一谈，学习相关技巧吧。,,,,3,34647,0,0,643856,0,0,0,0,0,0,0,0,0,0,0,0
235,战斗宠物训练,战斗宠物训练可以让你捕捉并升级特殊的宠物！快去奥格瑞玛和瓦佐克谈一谈，学习相关技巧吧。,,,,3,34645,0,0,643856,0,0,0,0,0,0,0,0,0,0,0,0
236,100只宠物,收集100只特殊宠物，赢取疯狂松鼠！,,,,3,21439,1,0,643856,0,0,0,0,0,0,0,0,0,0,0,0
237,仲夏节,向仲夏节的神圣篝火致敬以欢庆节日！你可以向主城的火炬杂耍大师了解更多详情。,,,,4,34733,0,0,135813,0,0,0,6,12,0,0,0,0,0,0,0
238,无头骑士,在万圣节期间，血色修道院的墓地中将有无头骑士出没！快拉一支队伍去猎杀他吧。,寻找组队,,,4,114672,0,1,133661,285,0,0,6,12,0,0,0,0,0,0,0
243,评级战场,在评级战场中与其他玩家展开激战！,加入战斗！,,,5,104811,0,8,132269,0,0,32,2,3,0,0,0,33559,0,4,0
244,竞技场,在2v2和3v3的竞技场中与其他玩家展开激战！,加入战斗！,,,5,104811,0,5,236326,0,0,32,3,5,0,0,0,33559,0,2,0
245,万圣节,在万圣节期间拜访任意旅店，获取特殊的糖果！,,,,4,34758,0,0,133661,0,0,0,6,12,0,0,0,0,0,0,0
247,收获节,与铁炉堡外的瓦格纳·巨锤谈一谈，了解如何向联盟最伟大的英雄致敬。,,,,4,34945,1,0,235465,0,0,0,6,12,0,0,0,0,0,0,0
248,收获节,与奥格瑞玛外的亚尼·纳沙克谈一谈，了解如何向部落最伟大的英雄致敬。,,,,4,34946,1,0,235465,0,0,0,6,12,0,0,0,0,0,0,0
249,悼念日,灵魂世界与艾泽拉斯间的屏障力量正处在最低谷！快去拜访任意主城的墓地加入庆祝活动吧！,,,,4,34942,0,0,307568,0,0,0,6,12,0,0,0,0,0,0,0
250,魔兽世界周年庆典,魔兽世界周年庆典到来了！快去你的邮箱领取特别的礼物吧。,,,,4,34947,0,0,136235,0,0,0,6,12,0,0,0,0,0,0,0
251,感恩节,去任意主城外分享感恩节的欢乐吧！,,,,4,8566,0,0,133167,0,0,0,6,12,0,0,0,0,0,0,0
252,冬幕节,备受期待的冬季佳节到了！你可以在铁炉堡找到冬天爷爷。,,,,4,34940,0,0,236706,0,0,0,6,12,0,0,0,0,0,0,0
253,冬幕节,备受期待的冬季佳节到了！你可以在奥格瑞玛找到冬天爷爷。,,,,4,34941,0,0,236706,0,0,0,6,12,0,0,0,0,0,0,0
255,英雄地下城,挑战德拉诺之王的英雄地下城，测试你的技巧并赢取丰厚奖励！,加入队伍,,,6,34794,4,1,1042626,789,0,0,7,8,0,0,0,0,0,0,0
261,假日活动：时空漫游,在假日活动期间重温“燃烧的远征”时空漫游地下城！,加入队伍,,,4,35506,0,1,250117,744,0,0,91,91,0,0,0,0,0,0,0
262,假日活动：时空漫游,在假日活动期间重温“巫妖王之怒”时空漫游地下城！,加入队伍,,,4,35507,0,1,341221,995,0,0,91,91,0,0,0,0,0,0,0
265,假日活动：时空漫游,在假日活动期间重温“大地的裂变”时空漫游地下城！,加入队伍,,,4,38048,0,1,574788,1146,0,0,91,91,0,0,0,0,0,0,0
266,破碎群岛侦察地图,你可以回到职业大厅查看侦察地图，选择进入各个区域完成突袭点任务。,,,,0,42998,0,0,136349,0,0,0,0,0,0,0,0,0,0,0,0
267,破碎群岛侦察地图,你可以回到职业大厅查看侦察地图，选择进入各个区域完成突袭点任务。,,,,0,43001,0,0,136349,0,0,0,0,0,0,0,0,0,0,0,0
268,破碎群岛侦察地图,你可以回到职业大厅查看侦察地图，选择进入各个区域完成突袭点任务。,,,,0,42999,0,0,136349,0,0,0,0,0,0,0,0,0,0,0,0
269,破碎群岛侦察地图,你可以回到职业大厅查看侦察地图，选择进入各个区域完成突袭点任务。,,,,0,43000,0,0,136349,0,0,0,0,0,0,0,0,0,0,0,0
271,随机地下城,完成“军团再临”随机地下城，为你的角色提升装备！,加入队伍,,,6,43173,0,1,1450455,1045,0,0,7,8,0,0,0,0,0,0,0
272,英雄地下城,挑战英雄难度的军团地下城，考验你的技巧，获得更好的奖励！,加入队伍,,,6,43003,0,1,1450455,1046,0,0,7,8,0,0,0,0,0,0,0
273,史诗地下城,挑战史诗难度的军团地下城，考验你的技巧，获得更好的奖励！,寻找组队,,,6,43175,0,6,136150,0,0,0,7,8,0,0,0,0,0,0,0
274,史诗钥石,在史诗地下城入口使用史诗钥石，迎接更强大的挑战，获得更好的奖励！,寻找组队,,,6,43179,0,6,525134,0,0,0,7,8,0,0,0,0,0,0,0
278,额外的神器,回到你的职业大厅，切换到新的专精，即可开启新专精的神器任务。,,,,0,43052,0,0,1112940,0,0,0,3,3,0,0,0,0,0,0,0
308,假日活动：时空漫游,在假日活动期间重温“熊猫人之谜”时空漫游地下城！,加入队伍,,,4,47730,0,1,630786,1453,0,0,91,91,0,0,0,0,0,0,0
310,随机团队：哀嚎大厅,深入萨格拉斯之墓，与领导燃烧军团的黑暗力量战斗。,加入团队,,,6,48513,2,2,1536895,1495,0,0,8,10,0,0,0,0,0,0,0
311,破碎海滩,集结抗魔联军，在破碎海滩上站稳脚跟，对抗军团。,开始任务,,,0,48522,0,3,1408999,0,46730,0,5,5,0,0,646,0,0,0,0
312,随机团队：地狱之门,经过数周的艰苦奋战，艾泽拉斯的英雄们终于进入了黑暗的萨格拉斯之墓，但燃烧军团早有准备……,加入团队,,,6,49180,2,2,1536895,1494,0,0,8,10,0,0,0,0,0,0,0
314,萨格拉斯之墓,深入萨格拉斯之墓，与领导燃烧军团的黑暗力量战斗。,寻找组队,,,6,49182,2,6,1536895,1525,0,0,8,10,0,0,0,0,0,0,0
316,随机团队：化身密室,艾格文击败萨格拉斯的化身后，将他封印在了陵墓深处，但那具恐怖的躯壳现在又开始活动了……,加入团队,,,6,49373,2,2,1536895,1496,0,0,8,10,0,0,0,0,0,0,0
317,随机团队：欺诈者之陨,在萨格拉斯之墓的深处，基尔加丹似乎终于走投无路了。但这是真的吗？还是我们落入了欺诈者的陷阱？,加入团队,,,6,49374,2,2,1536895,1497,0,0,8,10,0,0,0,0,0,0,0
321,乱斗：阿拉希暴风雪,阿拉希盆地被大雪覆盖，布满了战场迷雾。,开始任务,,,5,50364,0,3,1669485,0,47148,847,6,12,1602,110,0,0,0,0,0
322,乱斗：战歌总动员,战歌峡谷的战事陷入了白热化。他们在战斗中一次动用了三面旗帜以及大量特殊的强化能力。,开始任务,,,5,50413,0,3,1669485,0,47148,0,6,12,1602,110,0,0,0,0,0
323,乱斗：寇魔古寺,寇魔古寺气氛热烈，高速移动以及传递能量球的技能受到了热捧。,开始任务,,,5,50415,0,3,1669485,0,47148,0,6,12,1602,110,0,0,0,0,0
324,乱斗：引力失效,重力让你厌烦了？快走进风暴之眼，尝试全新的体验吧。,开始任务,,,5,50416,0,3,1669485,0,47148,0,6,12,1602,110,0,0,0,0,0
325,乱斗：深风大灌篮,从地图中央开始争夺篮球，并将其投入敌人的篮框来得分吧。,开始任务,,,5,50417,0,3,1669485,0,47148,0,6,12,1602,110,0,0,0,0,0
326,乱斗：羊角之眼,没有坐骑？没关系。快去领一头山羊，加入激烈的骑战吧。,开始任务,,,5,50418,0,3,1669485,0,47148,0,6,12,1602,110,0,0,0,0,0
327,乱斗：爆棚乱战,这场人数爆棚的竞技场比赛最多可容纳30名玩家同场竞技。,开始任务,,,5,50419,0,3,1669485,0,47148,0,6,12,1602,110,0,0,0,0,0
328,乱斗：南海镇VS塔伦米尔,回忆昔日的史诗拉锯战。,开始任务,,,5,50420,0,3,1669485,0,47148,0,6,12,1602,110,0,0,0,0,0
329,乱斗：决战影踪派,你的5人竞技场队伍将获得一位首领级的第六人。最先击败敌人的一方将获得胜利！,开始任务,,,5,50421,0,3,1669485,0,47148,0,6,12,1602,110,0,0,0,0,0
331,枭兽节,今天，月光林地将举办一场有关枭兽的有趣庆典。快来看看你能学到些什么吧！,,,,4,50766,0,0,467894,0,0,0,11,12,0,0,0,0,0,0,0
332,时尚试炼,掸去肩甲上的征尘，加入艾泽拉斯的时尚比拼吧！与任意主城的幻化师NPC对话，参与时尚试炼！,,,,4,50767,0,0,133100,0,0,0,11,12,0,0,0,0,0,0,0
333,诺莫瑞根马拉松,和侏儒们一起向他们百折不挠的精神致敬！跨越东部王国，从诺莫瑞根南下，一直跑到藏宝海湾！,,,,4,50773,0,0,236445,0,0,0,11,12,0,0,0,0,0,0,0
334,舞会,今天，奥格瑞玛和暴风城的主拍卖行已经清场并改为了舞会！快来展示一下你们的阵营荣誉感吧！,,,,4,50775,0,0,133886,0,0,0,11,12,0,0,0,0,0,0,0
335,肯瑞托旅店趴,艾泽拉斯的法师们也需要休闲。快去你所在地的酒吧，进入传送门，参加旅店趴活动吧！,,,,4,50787,0,0,132791,0,0,0,11,12,0,0,0,0,0,0,0
336,甲虫的召唤,历史上的今天，甲虫之锣被敲响，开启了安其拉的大门。代表你的阵营收集补给品，或者击杀暮光之锤和其拉虫族的部队。获胜的阵营可以将自己的旗帜挂在甲虫之锣旁，直至年末！,,,,4,47095,0,0,133570,0,0,0,11,12,0,0,0,0,0,0,0
337,亮顶节,今天，赞加沼泽孢子村的孢子人们将举行他们一年一度的蘑菇节。尽可能帮助他们保护伟大的弗肖，不要让她死亡！,,,,4,47650,0,0,134523,0,0,0,11,12,0,0,0,0,0,0,0
338,角鹰兽孵化日,今天是乱羽角鹰兽孵化的日子。前往位于菲拉斯的乱羽高地，亲眼见证这一奇景吧！,,,,4,50788,0,0,656241,0,0,0,11,12,0,0,0,0,0,0,0
339,蝌蚪远足日,今天，北风苔原的冬鳍部族的幼年鱼人们将完成他们穿越西部裂谷的旅程。,,,,4,50790,0,0,656556,0,0,0,11,12,0,0,0,0,0,0,0
340,春日气球节,这是一个风和日丽的日子……最适合坐着热气球观光了。快乘上热气球饱览美景，结交新朋友吧！,,,,4,47821,0,0,647627,0,0,0,11,12,0,0,0,0,0,0,0
341,赛艇大会,艾泽拉斯的居民需要休息。让我们去千针石林划船吧！,,,,4,47348,0,0,189874,0,0,0,11,12,0,0,0,0,0,0,0
342,安戈洛狂欢节,安戈洛环形山的恐龙越来越焦躁了。该去拜访它们一下了！,,,,4,50793,0,0,236192,0,0,0,11,12,0,0,0,0,0,0,0
343,志愿军日,今天，艾泽拉斯和德拉诺的居民将共同表彰他们的保卫者所作出的贡献。向一名卫兵敬礼（/敬礼 或 /salute）以表达你的敬意吧！,,,,4,50795,0,0,132360,0,0,0,11,12,0,0,0,0,0,0,0
348,乱斗：六人战,在选定的战场上来一场6v6的短兵相接吧。,开始任务,,,5,51072,0,3,1669485,0,47148,0,6,12,1602,110,0,0,0,0,0
349,随机团队：万神之座,带领圣光军团进入燃烧军团不可侵犯的首都与之战斗，并彻底消灭他们！,加入团队,,,6,52877,2,2,1711341,1613,0,0,8,10,0,0,0,0,0,0,0
350,安托鲁斯，燃烧王座,带领圣光军团进入燃烧军团不可侵犯的首都与之战斗，并彻底消灭他们！,寻找组队,,,6,52348,2,6,1711341,1640,0,0,8,10,0,0,0,0,0,0,0
351,执政团之座,与奥蕾莉亚·风行者一起进入古代艾瑞达的权力中心。先知维伦、阿克蒙德和基尔加丹曾在那里统治着阿古斯，并抵御着蠢蠢欲动的虚空威胁。,寻找组队,,,6,52349,0,6,1711340,0,0,0,7,8,0,0,0,0,0,0,0
352,执政团之座,与奥蕾莉亚·风行者一起进入古代艾瑞达的权力中心。先知维伦、阿克蒙德和基尔加丹曾在那里统治着阿古斯，并抵御着蠢蠢欲动的虚空威胁。,加入队伍,,,6,53302,0,1,1711340,1535,0,0,7,8,0,0,0,0,0,0,0
353,阿古斯：命运之手,响应先知维伦的召唤，前往阿古斯与燃烧军团战斗。,开始任务,,,7,52392,0,3,1708496,0,47835,0,19,20,0,0,0,0,0,0,0
354,阿古斯：命运之手,响应先知维伦的召唤，前往阿古斯与燃烧军团战斗。,开始任务,,,7,52146,0,3,1708496,0,47221,0,19,20,0,0,0,0,0,0,0
355,阿古斯：代言人的召唤,麦格尼发现了一些信息，或许能对这场战争有所帮助。他需要你的帮助。,开始任务,,,7,52147,0,3,1708496,0,47889,0,19,20,0,0,0,0,0,0,0
356,阿古斯：出问题了,先知维伦和圣光军团的成员身陷敌后。大主教图拉扬需要你帮忙救出他们。,开始任务,,,7,52148,0,3,1708496,0,48344,0,19,20,0,0,0,0,0,0,0
357,阿古斯：代言人的倾听,麦格尼发现了一些新信息，需要你再去跟他谈谈。,开始任务,,,7,52149,0,3,1708496,0,48273,0,19,20,0,0,0,0,0,0,0
358,阿古斯：代言人的寻找,突袭安托鲁斯的准备工作已经完成了。在带头出击之前，去见见麦格尼吧。,开始任务,,,7,52150,0,3,1708496,0,48277,0,19,20,0,0,0,0,0,0,0
360,随机团队：禁忌深渊,带领圣光军团进入燃烧军团不可侵犯的首都与之战斗，并彻底消灭他们！,加入团队,,,6,52874,2,2,1711341,1611,0,0,8,10,0,0,0,0,0,0,0
361,随机团队：希望的终末,带领圣光军团进入燃烧军团不可侵犯的首都与之战斗，并彻底消灭他们！,加入团队,,,6,52875,2,2,1711341,1612,0,0,8,10,0,0,0,0,0,0,0
362,随机团队：圣光突破口,带领圣光军团进入燃烧军团不可侵犯的首都与之战斗，并彻底消灭他们！,加入团队,,,6,52876,2,2,1711341,1610,0,0,8,10,0,0,0,0,0,0,0
363,黑暗神殿时空漫游,重温经典外域团队副本，击败伊利丹·怒风。,寻找组队,,,6,52878,0,6,236415,1533,0,0,91,91,0,0,0,0,0,0,0
365,假日活动：地下城,在假日活动期间完成“地心之战”的英雄或史诗地下城！,开始任务,,,4,53785,0,3,132269,0,83347,0,91,91,0,0,0,0,0,0,0
366,假日活动：时空漫游,在假日活动期间重温“巫妖王之怒”时空漫游地下城！,开始任务,,,4,53786,0,3,341221,0,83365,0,91,91,0,0,0,0,0,0,0
367,假日活动：时空漫游,在假日活动期间重温“大地的裂变”时空漫游地下城！,开始任务,,,4,53787,0,3,574788,0,83359,0,91,91,0,0,0,0,0,0,0
368,假日活动：时空漫游,在假日活动期间重温“燃烧的远征”时空漫游地下城！,开始任务,,,4,53788,0,3,250117,0,83363,0,91,91,0,0,0,0,0,0,0
369,假日活动：时空漫游,在假日活动期间重温“熊猫人之谜”时空漫游地下城！,开始任务,,,4,53789,0,3,630786,0,83362,0,91,91,0,0,0,0,0,0,0
370,奥杜尔时空漫游,重温这个“巫妖王之怒”的经典团队副本，击败尤格-萨隆。,寻找组队,,,6,54963,0,6,254106,1677,0,0,91,91,0,0,0,0,0,0,0
371,涌泉海滩,参加涌泉海滩的战斗。,开始任务,,,5,55547,0,3,236396,0,50048,0,9,10,0,0,0,0,0,0,0
372,涌泉海滩,参加涌泉海滩的战斗。,开始任务,,,5,55548,0,3,236396,0,50054,0,9,10,0,0,0,0,0,0,0
473,随机团队：腐蚀之心,奥迪尔的大厅下方的腐臭深渊中，赞达拉的腐化之源正在等待着你。,加入团队,,,6,62939,2,2,136368,1733,0,0,8,10,0,0,0,0,0,0,0
474,随机团队：猩红深渊,古代实验留下的残迹散布在奥迪尔下方的大厅，随着奥迪尔深处黑暗力量的觉醒，它们也变得扭曲。,加入团队,,,6,62940,2,2,136368,1732,0,0,8,10,0,0,0,0,0,0,0
475,随机团队：抑制大厅,这座泰坦研究设施在上万年后，终于首次敞开了大门。里面封印的可怕生物还活着吗？,加入团队,,,6,62941,2,2,136368,1731,0,0,8,10,0,0,0,0,0,0,0
476,奥迪尔,这座泰坦研究设施在上万年后，终于首次敞开了大门。里面封印的可怕生物还活着吗？,寻找组队,,,6,62944,2,6,136368,1889,0,0,8,10,0,0,0,0,0,0,0
477,英雄地下城,挑战英雄难度的“争霸艾泽拉斯”地下城，考验你的技巧，获得更好的奖励！,加入队伍,,,6,62945,0,1,2011112,1671,0,0,7,8,0,0,0,0,0,0,0
478,随机地下城,完成“争霸艾泽拉斯”随机地下城，为你的角色提升装备！,加入队伍,,,6,62946,0,1,2011112,1670,0,0,7,8,0,0,0,0,0,0,0
479,史诗钥石,在史诗地下城入口使用史诗钥石，迎接更强大的挑战，获得更好的奖励！,寻找组队,,,6,62980,0,6,2011112,0,0,0,7,8,0,0,0,0,0,0,0
480,激流堡之战,我们的战备行动很成功。去赞达拉港报到，发动对激流堡的攻击！为了部落！,,,,6,62986,0,0,342918,0,0,0,8,10,0,0,0,0,0,0,0
481,激流堡之战,我们的战备行动很成功。去伯拉勒斯港报到，准备前往战争前线。你的使命是夺回激流堡并重现它的光辉！为了联盟！,,,,6,62988,0,0,1634245,0,0,0,8,10,0,0,0,0,0,0,0
482,海岛探险,冒险在等待！探索库尔提拉斯和赞达拉周边的海岛，寻找艾泽里特和宝藏。去赞达拉港报到，准备出航！,,,,6,63003,0,0,237381,0,0,0,8,10,0,0,0,0,0,0,0
483,海岛探险,冒险在等待！探索库尔提拉斯和赞达拉周边的海岛，寻找艾泽里特和宝藏。去伯拉勒斯港报到，准备出航！,,,,6,63005,0,0,237381,0,0,0,8,10,0,0,0,0,0,0,0
484,史诗地下城,挑战史诗难度的“争霸艾泽拉斯”地下城，考验你的技巧，获得更好的奖励！,寻找组队,,,6,63016,0,6,2011112,0,0,0,7,8,0,0,0,0,0,0,0
485,库尔提拉斯侦察地图,你可以回到伯拉勒斯查看侦察地图，选择帮助库尔提拉斯的各个区域。,,,,0,63272,0,0,136349,0,0,0,0,0,0,0,0,0,0,0,0
486,库尔提拉斯侦察地图,你可以回到伯拉勒斯查看侦察地图，选择帮助库尔提拉斯的各个区域。,,,,0,63273,0,0,136349,0,0,0,0,0,0,0,0,0,0,0,0
487,库尔提拉斯侦察地图,你可以回到伯拉勒斯查看侦察地图，选择帮助库尔提拉斯的各个区域。,,,,0,63274,0,0,136349,0,0,0,0,0,0,0,0,0,0,0,0
488,赞达拉侦察地图,你可以回到达萨罗查看侦察地图，选择帮助赞达拉的各个区域。,,,,0,63276,0,0,136349,0,0,0,0,0,0,0,0,0,0,0,0
489,赞达拉侦察地图,你可以回到达萨罗查看侦察地图，选择帮助赞达拉的各个区域。,,,,0,63277,0,0,136349,0,0,0,0,0,0,0,0,0,0,0,0
490,赞达拉侦察地图,你可以回到达萨罗查看侦察地图，选择帮助赞达拉的各个区域。,,,,0,63278,0,0,136349,0,0,0,0,0,0,0,0,0,0,0,0
491,黑海岸之战,战事已经日趋白热化。向赞达拉港报到，前往战争前线。要让联盟后悔重新踏上黑海岸的土地！为了部落！,,,,6,66513,0,0,342918,0,0,0,8,10,0,0,0,0,0,0,0
492,黑海岸之战,战事已经日趋白热化。向伯拉勒斯港报到，前往战争前线。从部落那群野蛮人手中拯救黑海岸！为了联盟！,,,,6,66514,0,0,2065569,0,0,0,8,10,0,0,0,0,0,0,0
493,达萨罗之战,联盟把战火烧到了赞达拉帝国的心脏，部落必须竭尽全力阻止进攻。,寻找组队,,,6,66677,2,6,2482693,1942,0,0,8,10,0,0,0,0,0,0,0
494,随机团队：围攻达萨罗,拉斯塔哈的大部分兵力被引到了纳兹米尔，现在是突袭达萨罗的大好时机。,加入团队,,,6,66679,2,2,2482693,1945,0,0,8,10,0,0,0,0,0,0,0
495,随机团队：帝国的末日,王宫的大厅内存放着上古珍宝，但要小心守护此地的洛阿神灵之怒。,加入团队,,,6,66681,2,2,2482693,1946,0,0,8,10,0,0,0,0,0,0,0
496,随机团队：联盟之力,见证部落攻击联盟英雄的残忍暴行。,加入团队,,,6,66682,2,2,2482693,1947,0,0,8,10,0,0,0,0,0,0,0
497,随机团队：达萨罗保卫战,达萨罗被卑鄙的联盟偷袭，部落无畏的勇士是杀出重围的唯一希望。,加入团队,,,6,66688,2,2,2482693,1948,0,0,8,10,0,0,0,0,0,0,0
498,随机团队：死神的契约,见证拉斯塔哈大王是如何英勇地抵抗嗜血的联盟入侵者。,加入团队,,,6,66689,2,2,2482693,1949,0,0,8,10,0,0,0,0,0,0,0
499,随机团队：不胜利，毋宁死,拉斯塔哈大王遇刺，必须在凶手逃走前将他们绳之以法。,加入团队,,,6,66691,2,2,2482693,1950,0,0,8,10,0,0,0,0,0,0,0
501,矮人传承护甲,前往暴风城大使馆，深入了解铜须氏族的历史！,,,,7,67015,0,0,2429768,0,0,0,9,12,0,0,0,0,0,0,0
502,血精灵传承护甲,前往奥格瑞玛大使馆，参与辛多雷历史祭典。,,,,7,67017,0,0,2459461,0,0,0,9,12,0,0,0,0,0,0,0
503,假日活动：时空漫游,在假日活动期间重温“德拉诺之王”时空漫游地下城！,加入队伍,,,4,69105,0,1,2838050,1971,0,0,91,91,0,0,0,0,0,0,0
504,假日活动：时空漫游,在假日活动期间重温“德拉诺之王”时空漫游地下城！,开始任务,,,4,69106,0,3,2838050,0,83364,0,91,91,0,0,0,0,0,0,0
505,随机团队：风暴熔炉,风暴神殿之下，一股黑暗之力已经苏醒，企图吞噬赞达拉和库尔提拉斯的一切。,加入团队,,,6,69370,2,2,2498195,1951,0,0,8,10,0,0,0,0,0,0,0
506,风暴熔炉,风暴神殿之下，一股黑暗之力已经苏醒，企图吞噬赞达拉和库尔提拉斯的一切。,寻找组队,,,6,69371,2,6,2498195,1952,0,0,8,10,0,0,0,0,0,0,0
507,云游节,踏上卡桑琅丛林的海滨，与熊猫人盟友一起纪念指引他们踏上冒险之旅的伟大祖先！,,,,4,69374,0,0,2869704,0,0,0,11,12,0,0,0,0,0,0,0
508,免费T恤日,免费的T恤，谁不爱？T恤爱好者在艾泽拉斯各地都设立了商店，免费发放各种T恤！,,,,4,69373,0,0,2869702,0,0,0,11,12,0,0,0,0,0,0,0
509,幽光之星,每年的这个时节，都会有奇异的荧光生物聚集在瓦丝琪尔。想帮忙研究这些生物吗？就靠你了！,,,,4,69372,0,0,2869703,0,0,0,11,12,0,0,0,0,0,0,0
510,乱斗：阿拉希盆地人机对决,在阿拉希盆地的战场上与对立阵营的NPC勇士一决高下！,开始任务,,,5,69376,0,3,1669485,0,47148,0,6,12,1602,110,0,0,0,0,0
511,艾萨拉的永恒王宫,艾萨拉女王已经决定召见你了。她古老的王宫里潜藏着什么样的恐怖生物？,寻找组队,,,6,71503,2,6,3025335,2014,0,0,8,10,0,0,0,0,0,0,0
512,麦卡贡行动,前往这个规模宏伟的大型地下城（只限史诗难度），探索其中的奥秘。你能阻止疯狂的国王驱除血肉诅咒的计划吗？,加入队伍,,,6,71999,0,6,3025336,2006,0,0,7,8,0,0,0,0,0,0,0
513,侏儒传承护甲,侏儒的国度正面临穴居人的致命威胁！前往暴风城大使馆，加入火钻队长的行动。,,,,7,66869,0,0,2400287,0,0,0,9,12,0,0,0,0,0,0,0
514,牛头人传承护甲,灵魂世界正处于混乱之中。前往奥格瑞玛大使馆，帮助灵魂行者恢复那里的安宁。,,,,7,105825,0,0,3016178,0,0,0,9,12,0,0,0,0,0,0,0
515,激流堡之战（英雄）,勇士们，快去伯拉勒斯港报到！准备在全新的英雄难度战争前线里与敌人交战。为了联盟！,,,,6,71260,0,0,1634245,0,0,0,8,10,0,0,0,0,0,0,0
516,激流堡之战（英雄）,勇士们，快去赞达拉港报到！准备在全新的英雄难度战争前线里与敌人交战。为了部落！,,,,6,71259,0,0,1634245,0,0,0,8,10,0,0,0,0,0,0,0
517,随机团队：迎宾典礼,艾萨拉女王已经决定召见你了。她古老的王宫里潜藏着什么样的恐怖生物？,寻找组队,,,6,71240,2,2,3025335,2009,0,0,8,10,0,0,0,0,0,0,0
518,随机团队：虔信深渊,艾萨拉女王已经决定召见你了。她古老的王宫里潜藏着什么样的恐怖生物？,寻找组队,,,6,71504,2,2,3025335,2010,0,0,8,10,0,0,0,0,0,0,0
519,随机团队：群星之环,艾萨拉女王已经决定召见你了。她古老的王宫里潜藏着什么样的恐怖生物？,寻找组队,,,6,71505,2,2,3025335,2011,0,0,8,10,0,0,0,0,0,0,0
520,火焰之地时空漫游,重温这个“大地的裂变”的经典团队副本，击败拉格纳罗斯。,寻找组队,,,6,73654,0,6,514277,2026,0,0,91,91,0,0,0,0,0,0,0
521,魔兽世界周年庆,前往时光之穴，参加魔兽世界周年庆典活动！,,,,4,73331,0,0,3007435,0,0,0,11,12,0,0,0,0,0,0,0
522,科尔拉克的复仇,体验15年前的奥特兰克山谷！,,,,5,73331,0,0,3007435,0,0,1033,11,12,0,0,0,0,0,0,0
523,狼人传承护甲,苔丝·格雷迈恩公主的信使正在暴风城大使馆等你。,,,,7,77247,0,0,3045111,0,0,0,9,12,0,0,0,0,0,0,0
524,地精传承护甲,旧时好友还有新的机遇都在奥格瑞玛大使馆等你！,,,,7,77033,0,0,3075817,0,0,0,9,12,0,0,0,0,0,0,0
525,黑海岸之战（英雄）,部落的勇士们，请立即去赞达拉港报到！准备重返黑海岸，参加全新的英雄难度的战争前线。为了部落！,,,,6,76483,0,0,342918,0,0,0,8,10,0,0,0,0,0,0,0
526,黑海岸之战（英雄）,联盟的勇士们，请立即去伯拉勒斯港报到！准备重返黑海岸，参加全新的英雄难度的战争前线。为了联盟！,,,,6,76490,0,0,2065569,0,0,0,8,10,0,0,0,0,0,0,0
527,尼奥罗萨，觉醒之城,为了扫除恩佐斯对这个世界的腐蚀，部落和联盟的英雄必须攻入黑暗帝国的心脏。在这个梦魇的国度，有什么样的危险在等待着他们？,寻找组队,,,6,77013,2,6,3221466,2033,0,0,8,10,0,0,0,0,0,0,0
528,随机团队：命运幻象,恩佐斯在他黑暗的王座上编织了诸多幻象，在幻象中，艾泽拉斯已经陨落，再也无人能反抗他的帝国。,加入团队,,,6,77028,2,2,3221466,2036,0,0,8,10,0,0,0,0,0,0,0
529,随机团队：虔敬大厅,恩佐斯的信徒在他们漆黑的大厅中进行着亵渎的仪式，企图终结这个世界。,加入团队,,,6,77029,2,2,3221466,2037,0,0,8,10,0,0,0,0,0,0,0
530,随机团队：血肉赐福,伊格诺斯深藏于扭曲血肉的缝隙中，腐化持续不断地从这个国度渗入到其他领域。,加入团队,,,6,77030,2,2,3221466,2038,0,0,8,10,0,0,0,0,0,0,0
531,随机团队：觉醒之梦,在罪恶的丰碑深处，腐蚀者正在等待。这场终极对决将会决定艾泽拉斯的命运。,加入团队,,,6,77031,2,2,3221466,2039,0,0,8,10,0,0,0,0,0,0,0
532,随机地下城,完成“暗影国度”随机地下城，为你的角色提升装备！,加入队伍,,,6,82519,0,1,3601529,2086,0,0,7,8,0,0,0,0,0,0,0
533,英雄地下城,挑战英雄难度的“暗影国度”地下城，考验你的技巧，获得更好的奖励！,加入队伍,,,6,82520,0,1,3601529,2087,0,0,7,8,0,0,0,0,0,0,0
534,史诗钥石,在史诗地下城入口使用史诗钥石，迎接更强大的挑战，获得更好的奖励！,寻找组队,,,6,82521,0,6,3601529,0,0,0,7,8,0,0,0,0,0,0,0
535,纳斯利亚堡,暗影界的命运正命悬一线，雷纳索尔王子准备进行孤注一掷的任务，废黜恶毒的德纳修斯大帝。,寻找组队,,,6,82522,2,6,3614361,0,0,0,8,10,0,0,0,0,0,0,0
536,随机团队：汲心宝库,心能从纳斯利亚堡的宝库中不断流出，就像伤口一般。如果不终止的话，雷文德斯会被彻底吸干。,加入团队,,,6,83675,2,2,3614361,2090,0,0,8,10,0,0,0,0,0,0,0
537,随机团队：雷文德斯的最终之舞,贵族们陶醉在胜利中，而英雄们必须破坏他们的聚会，推翻他们的权位。,加入团队,,,6,83676,2,2,3614361,2091,0,0,8,10,0,0,0,0,0,0,0
538,随机团队：石中殷红,德纳修斯的石裔干将正在等待，他们已经布下了圈套，足以一劳永逸地消灭起义军。,加入团队,,,6,83677,2,2,3614361,2091,0,0,8,10,0,0,0,0,0,0,0
539,史诗地下城,挑战史诗难度的“暗影国度”地下城，考验你的技巧，获得更好的奖励！,寻找组队,,,6,83678,0,6,3601529,0,0,0,7,8,0,0,0,0,0,0,0
540,托加斯特，罪魂之塔,拯救灵魂，寻求力量，击败典狱长的部队。,进入托加斯特,,,7,104800,0,0,3642306,1963,0,0,8,10,0,0,0,0,0,0,0
541,随机团队：谒见傲慢,德纳修斯在他的高塔中急切地等待着英雄们的到来，这场对决会决定雷文德斯的命运。,加入团队,,,6,84334,2,2,3614361,2091,0,0,8,10,0,0,0,0,0,0,0
542,时空漫游战役,拜访暴风城的克罗米，为你的下次冒险选择一条故事线。,开始任务,,,7,86376,0,3,136349,0,62567,0,8,10,0,0,0,0,0,0,0
543,时空漫游战役,拜访奥格瑞玛的克罗米，为你的下次冒险选择一条故事线。,开始任务,,,7,86375,0,3,136349,0,62568,0,8,10,0,0,0,0,0,0,0
555,统御圣所,奥利波斯濒临毁灭，伯瓦尔孤注一掷地发起了突袭，意图直击典狱长的要塞核心。,寻找组队,,,6,91548,2,6,4062765,2226,0,0,8,10,0,0,0,0,0,0,0
556,随机团队：典狱长先锋军,典狱长的先锋时刻准备着击退任何攻击。必须击溃他们的战线才能突入高塔。,加入团队,,,6,91598,2,2,4062765,2221,0,0,8,10,0,0,0,0,0,0,0
557,随机团队：晦暗刑狱,饱受折磨的尖叫滋养着典狱长的大军。结束他们的折磨，剥夺噬渊最宝贵的资源。,加入团队,,,6,91599,2,2,4062765,2222,0,0,8,10,0,0,0,0,0,0,0
558,随机团队：命运镣铐,灵魂之河终结于塔楼顶层。摧毁那些吸取河流力量的人，解救无数被剥夺了死后命运的灵魂。,加入团队,,,6,91600,2,2,4062765,2223,0,0,8,10,0,0,0,0,0,0,0
559,随机团队：典狱长的报复,希尔瓦娜斯在塔楼之巅等待着。在这里，决定宇宙命运的最终对峙即将开始。,加入团队,,,6,91601,2,2,4062765,2224,0,0,8,10,0,0,0,0,0,0,0
560,塔扎维什，帷纱集市,无情的财团首领索·莉亚发起了一场大劫案，将禁忌的元尊知识据为己有。艾·达里尔必须争分夺秒，和他的草台班子一起找出方法，确保这些秘密不会被发现。,加入队伍,,,6,91603,2,6,4062727,2225,0,0,7,8,0,0,0,0,0,0,0
561,假日活动：时空漫游,在假日活动期间重温“军团再临”时空漫游地下城！,加入队伍,,,4,93592,0,1,1536895,2274,0,0,91,91,0,0,0,0,0,0,0
562,假日活动：时空漫游,在假日活动期间重温“军团再临”时空漫游地下城！,开始任务,,,4,93593,0,3,1536895,0,83360,0,91,91,0,0,0,0,0,0,0
563,随机团队：创生基石,利许威姆在对抗统御之力时节节败退。如果不拯救这名守护者，其力量就会属于典狱长。,加入团队,,,6,95456,2,2,4254074,2291,0,0,8,10,0,0,0,0,0,0,0
564,随机团队：幻磷平原,创生精华正在被吞噬，如果不力挽狂澜，现实就会坍缩。,加入团队,,,6,95457,2,2,4254074,2292,0,0,8,10,0,0,0,0,0,0,0
565,随机团队：统御之握,佐瓦尔最强大的追随者们已经摧毁了浩如烟海的文明。这次他们会令整个宇宙寂灭吗？,加入团队,,,6,95458,2,2,4254074,2293,0,0,8,10,0,0,0,0,0,0,0
566,随机团队：宏伟蓝图,佐瓦尔即将获得最终的胜利。如果不阻止他，宇宙就将屈服于他的力量。,加入团队,,,6,95459,2,2,4254074,2294,0,0,8,10,0,0,0,0,0,0,0
567,初诞者圣墓,佐瓦尔已经闯入了初诞者圣墓，艾泽拉斯的勇士们也跟着进入了这片神秘的领域，希望能够拯救宇宙。,寻找组队,,,6,95460,2,6,4254074,2288,0,0,8,10,0,0,0,0,0,0,0
568,单排轮斗,开始一项单排任务，在六轮3v3竞技场比赛中证明自己的实力。每轮比赛结束后队伍会随机轮换。,开始任务,,,5,96299,1,3,1713483,0,65773,1065,13,14,1602,175,0,0,0,0,0
569,单排轮斗,在3v3的竞技场中与其他玩家对战6轮。每轮结束后队伍会进行轮换。,加入战斗！,,,5,104811,0,8,132269,0,0,1065,2,3,0,0,0,33559,0,4,0
570,随机团队：原始壁垒,原始议会在山峰里巩固了自身的防线。必须突破敌阵，才能阻止他们释放化身巨龙。,加入团队,,,6,105080,6,2,4630363,2370,0,0,8,10,0,0,0,0,0,0,0
571,随机团队：注能岩洞,库洛格·恐怖图腾准备释放可怕的元素，毁灭所有胆敢反对他的敌人。,加入团队,,,6,105081,6,2,4630363,2371,0,0,8,10,0,0,0,0,0,0,0
572,随机团队：化身巨龙牢窟,狂怒的莱萨杰丝图谋摧毁她同胞的牢狱。如成功，化身巨龙会为艾泽拉斯带来浩劫。,加入团队,,,6,105082,6,2,4630363,2372,0,0,8,10,0,0,0,0,0,0,0
573,化身巨龙牢窟,莱萨杰丝在泰坦牢狱中进行着邪恶的仪式，企图释放她的同胞。如果不击溃拜荒者的部队，所有国度都会在化身巨龙血与火的统治下沦陷。,寻找组队,,,6,105171,2,6,4630363,0,0,0,8,10,0,0,0,0,0,0,0
574,英雄地下城,挑战英雄难度的“巨龙时代”地下城，考验你的技巧，获得更好的奖励！,加入队伍,,,6,104812,0,1,4578417,2351,0,0,7,8,0,0,0,0,0,0,0
575,随机地下城,完成“巨龙时代”随机地下城，为你的角色提升装备！,加入队伍,,,6,104816,0,1,4578416,2086,0,0,7,8,0,0,0,0,0,0,0
576,史诗地下城,挑战史诗难度的“巨龙时代”地下城，考验你的技巧，获得更好的奖励！,寻找组队,,,6,104817,0,6,4578411,0,0,0,7,8,0,0,0,0,0,0,0
577,史诗钥石,在史诗地下城入口使用史诗钥石，迎接更强大的挑战，获得更好的奖励！,寻找组队,,,6,104818,0,6,4352494,0,0,0,7,8,0,0,0,0,0,0,0
578,援助联军,提升在巨龙群岛各大阵营的名望，获得丰厚奖励。,接受任务,,,7,104820,1,3,4687630,0,70750,0,9,10,0,0,0,0,0,0,0
579,援助联军,提升在巨龙群岛各大阵营的名望，获得丰厚奖励。,接受任务,,,7,104822,1,3,4687630,0,72068,0,9,10,0,0,0,0,0,0,0
580,援助联军,提升在巨龙群岛各大阵营的名望，获得丰厚奖励。,接受任务,,,7,104823,1,3,4687630,0,72373,0,9,10,0,0,0,0,0,0,0
581,援助联军,提升在巨龙群岛各大阵营的名望，获得丰厚奖励。,接受任务,,,7,104824,1,3,4687630,0,72374,0,9,10,0,0,0,0,0,0,0
582,援助联军,提升在巨龙群岛各大阵营的名望，获得丰厚奖励。,接受任务,,,7,104825,1,3,4687630,0,72375,0,9,10,0,0,0,0,0,0,0
583,社区盛宴,帮助伊斯卡拉海象人完成社区盛宴，他们会加以重谢！留心你的地图——盛宴每1.5小时在伊斯卡拉进行一次，就在碧蓝林海的海边。,,,,7,104827,0,0,4186584,0,0,0,2,6,0,0,0,0,0,0,0
584,洪荒狩猎,席卡尔氏族正在外出狩猎。成功狩猎可能获得丰厚的奖励！,,,,7,104832,0,0,4637937,0,0,0,2,6,0,0,0,0,0,0,0
585,洪荒狩猎,席卡尔氏族正在外出狩猎。成功狩猎可能获得丰厚的奖励！,,,,7,104833,0,0,4637937,0,0,0,2,6,0,0,0,0,0,0,0
586,洪荒狩猎,席卡尔氏族正在外出狩猎。成功狩猎可能获得丰厚的奖励！,,,,7,104834,0,0,4637937,0,0,0,2,6,0,0,0,0,0,0,0
587,围攻灭龙要塞,协助黑曜流浪者夺回灭龙要塞，这样他们的保险箱就归你了。,,,,7,104836,0,0,4638537,0,0,0,2,6,0,0,0,0,0,0,0
588,圣物回收：提尔的遗产,瓦德拉肯的塞尔德林想让你从奥达曼地下城取回一件失落的圣物。,接受任务,成功后你可以提升自己选择的巨龙时代阵营的名望！,,7,104840,0,3,4578418,0,66860,0,6,6,0,0,0,0,0,0,0
589,圣物回收：奈萨鲁斯,瓦德拉肯的塞尔德林想让你从奈萨鲁斯地下城取回一件失落的圣物。,接受任务,成功后你可以提升自己选择的巨龙时代阵营的名望！,,7,104846,0,3,4578417,0,66861,0,6,6,0,0,0,0,0,0,0
590,圣物回收：红玉新生法池,瓦德拉肯的塞尔德林想让你从红玉新生法池地下城取回一件失落的圣物。,接受任务,成功后你可以提升自己选择的巨龙时代阵营的名望！,,7,104847,0,3,4578416,0,66862,0,6,6,0,0,0,0,0,0,0
591,圣物回收：诺库德阻击战,瓦德拉肯的塞尔德林想让你从诺库德阻击战地下城取回一件失落的圣物。,接受任务,成功后你可以提升自己选择的巨龙时代阵营的名望！,,7,104848,0,3,4578413,0,66863,0,6,6,0,0,0,0,0,0,0
592,圣物回收：蕨皮山谷,瓦德拉肯的塞尔德林想让你从蕨皮山谷地下城取回一件失落的圣物。,接受任务,成功后你可以提升自己选择的巨龙时代阵营的名望！,,7,104849,0,3,4578412,0,66864,0,6,6,0,0,0,0,0,0,0
593,圣物回收：碧蓝魔馆,瓦德拉肯的塞尔德林想让你从碧蓝魔馆地下城取回一件失落的圣物。,接受任务,成功后你可以提升自己选择的巨龙时代阵营的名望！,,7,104850,0,3,4578411,0,66865,0,6,6,0,0,0,0,0,0,0
594,圣物回收：注能大厅,瓦德拉肯的塞尔德林想让你从注能大厅地下城取回一件失落的圣物。,接受任务,成功后你可以提升自己选择的巨龙时代阵营的名望！,,7,104851,0,3,4578415,0,66866,0,6,6,0,0,0,0,0,0,0
595,圣物回收：艾杰斯亚学院,瓦德拉肯的塞尔德林想让你从艾杰斯亚学院地下城取回一件失落的圣物。,接受任务,成功后你可以提升自己选择的巨龙时代阵营的名望！,,7,104852,0,3,4578414,0,66867,0,6,6,0,0,0,0,0,0,0
596,保护过去：提尔的遗产,瓦德拉肯的凯莫拉想让你去奥达曼地下城搜寻失落的知识。,接受任务,成功后你可以提升自己选择的巨龙时代阵营的名望！,,7,104853,0,3,4578418,0,66868,0,6,6,0,0,0,0,0,0,0
597,保护过去：奈萨鲁斯,瓦德拉肯的凯莫拉想让你去奈萨鲁斯地下城搜寻失落的知识。,接受任务,成功后你可以提升自己选择的巨龙时代阵营的名望！,,7,104854,0,3,4578417,0,66869,0,6,6,0,0,0,0,0,0,0
598,保护过去：红玉新生法池,瓦德拉肯的凯莫拉想让你去红玉新生法池地下城搜寻失落的知识。,接受任务,成功后你可以提升自己选择的巨龙时代阵营的名望！,,7,104855,0,3,4578416,0,66870,0,6,6,0,0,0,0,0,0,0
599,保护过去：诺库德阻击战,瓦德拉肯的凯莫拉想让你去诺库德阻击战地下城搜寻失落的知识。,接受任务,成功后你可以提升自己选择的巨龙时代阵营的名望！,,7,104856,0,3,4578413,0,66871,0,6,6,0,0,0,0,0,0,0
600,保护过去：蕨皮山谷,瓦德拉肯的凯莫拉想让你去蕨皮山谷地下城搜寻失落的知识。,接受任务,成功后你可以提升自己选择的巨龙时代阵营的名望！,,7,104857,0,3,4578412,0,66872,0,6,6,0,0,0,0,0,0,0
601,保护过去：碧蓝魔馆,瓦德拉肯的凯莫拉想让你去碧蓝魔馆地下城搜寻失落的知识。,接受任务,成功后你可以提升自己选择的巨龙时代阵营的名望！,,7,104858,0,3,4578411,0,66873,0,6,6,0,0,0,0,0,0,0
602,保护过去：注能大厅,瓦德拉肯的凯莫拉想让你去注能大厅地下城搜寻失落的知识。,接受任务,成功后你可以提升自己选择的巨龙时代阵营的名望！,,7,104859,0,3,4578411,0,66874,0,6,6,0,0,0,0,0,0,0
603,保护过去：艾杰斯亚学院,瓦德拉肯的凯莫拉想让你去艾杰斯亚学院地下城搜寻失落的知识。,接受任务,成功后你可以提升自己选择的巨龙时代阵营的名望！,,7,104860,0,3,4578414,0,66875,0,6,6,0,0,0,0,0,0,0
604,生命火花：觉醒海岸,瓦德拉肯的艾里兹·石风向你发出挑战，要你在PvP战斗中击败敌人。,接受任务,,,7,104872,0,3,4672500,0,72646,0,6,6,0,0,0,0,0,0,0
605,生命火花：欧恩哈拉平原,瓦德拉肯的艾里兹·石风向你发出挑战，要你在PvP战斗中击败敌人。,接受任务,,,5,104873,0,3,4672498,0,72647,0,6,6,2797,8,0,0,0,0,0
606,生命火花：碧蓝林海,瓦德拉肯的基伊努向你发出挑战，要你在PvP战斗中击败敌人。,接受任务,,,5,104874,0,3,4672495,0,72648,0,6,6,2797,8,0,0,0,0,0
607,生命火花：索德拉苏斯,瓦德拉肯的赛克纳尔向你发出挑战，要你在PvP战斗中击败敌人。,接受任务,,,5,104875,0,3,4672499,0,72649,0,6,6,2797,8,0,0,0,0,0
608,找点乐子,今天有很多玩家在奥格瑞玛门前进行决斗，数量多到异乎寻常！加入他们，在一对一的战斗中考验你的战技！,,,,7,104881,0,0,252282,0,0,0,1,1,0,0,0,0,0,0,0
609,找点乐子,今天有很多玩家在暴风城门前进行决斗，数量多到异乎寻常！加入他们，在一对一的战斗中考验你的战技！,,,,7,104882,0,0,252282,0,0,0,1,1,0,0,0,0,0,0,0
610,找点乐子,每隔几小时，小个子约翰·米斯瑞尔就会在荆棘竞技场中央放置一个宝箱，供人随意拿取，但只有一名玩家才能获得奖赏。你有这份能耐吗？,,,,7,104883,0,0,252282,0,0,0,1,1,0,0,0,0,0,0,0
611,找点乐子,你的金子多到把口袋烧穿了？那就去你的阵营主城的拍卖行，看看别的冒险者在卖什么吧！总会有你意想不到的东西出售……,,,,7,104884,0,0,252282,0,0,0,1,1,0,0,0,0,0,0,0
612,找点乐子,你想要的东西实在太稀有，以至于你开始在违法的边缘试探？去看看黑市拍卖行吧，就在瓦德拉肯西侧的祈愿者走廊。你不看都不知道你还有这么多东西是自己需要的。,,,,7,104885,0,0,252282,0,0,0,1,1,0,0,0,0,0,0,0
613,找点乐子,传言说，你没办法凑出最长的队伍。要不要证明一下传言是错的？,,,,7,104886,0,0,252282,0,0,0,1,1,0,0,0,0,0,0,0
614,找点乐子,你知道每周日下午2点有场钓鱼大赛吗？前往荆棘谷海角的藏宝海湾，在钓鱼竞技中一决胜负吧！,,,,7,104887,0,0,252282,0,0,0,1,1,0,0,0,0,0,0,0
615,找点乐子,今天天气不错，适合带你的宠物们出门散步，或者——如果你心情也不错——就去参加几场PvP宠物对战吧！,,,,7,104888,0,0,252282,0,0,0,1,1,0,0,0,0,0,0,0
616,找点乐子,你知道有些战斗宠物，比如白色猫头鹰，只出现在特定的季节吗？,,,,7,104889,0,0,252282,0,0,0,1,1,0,0,0,0,0,0,0
617,找点乐子,艾泽拉斯一直都有美酒节这样的节日和侏儒长跑这样的活动。打开你的日历，看看有什么有趣的事件即将到来……又或许，其实刚好就是今天！,,,,7,104890,0,0,252282,0,0,0,1,1,0,0,0,0,0,0,0
618,找点乐子,克罗米需要你拯救她免于未知的死亡……而且是很多很多次！前往破碎群岛，建立你的职业大厅，然后在达拉然寻找克罗米的影像。拯救克罗米之后，你就能成为一名熟练的时光领主了！,,,,7,104891,0,0,252282,0,0,0,1,1,0,0,0,0,0,0,0
619,找点乐子,你觉得自己是个驯宠大师？那就前往潘达利亚的永恒岛，在天神比武大会上争夺宠物对战的桂冠吧！新手请勿报名。,,,,7,104892,0,0,252282,0,0,0,1,1,0,0,0,0,0,0,0
620,找点乐子,觉得你这身行头有点落伍了？只需花笔小钱，理发店的师傅就会用他们摧枯拉朽的手艺轻松地帮你修整发型、脸蛋甚至性别！你在任意主城都可以找到他们。,,,,7,104893,0,0,252282,0,0,0,1,1,0,0,0,0,0,0,0
621,找点乐子,世上一直有关于某些极其珍稀的坐骑的传言，比如“清醒的梦魇”和“主脑”。向其他冒险者和社区的成员打听打听，你也许就能找到！,,,,7,104894,0,0,252282,0,0,0,1,1,0,0,0,0,0,0,0
622,找点乐子,世上一直有关于某些极其珍稀的宠物的传言，有些名叫“巴尔”、“尤娜”和“杰娜弗尔”。向其他冒险者和社区的成员打听打听，你也许就能找到！,,,,7,104895,0,0,252282,0,0,0,1,1,0,0,0,0,0,0,0
623,找点乐子,世上一直有关于极其珍稀的一条腰带的传言，称为“钟示贤德腰带”。向其他冒险者和社区的成员打听打听，你也许就能找到！,,,,7,104896,0,0,252282,0,0,0,1,1,0,0,0,0,0,0,0
624,找点乐子,你还穿着去年的时装？幻化师可以把你装备的外观来个大变样。听说今年流行尖刺哦。,,,,7,104897,0,0,252282,0,0,0,1,1,0,0,0,0,0,0,0
625,铜币,你的冒险指南里似乎有一页里夹着一枚铜币。,钱币大派送！,,,7,104916,0,3,237283,0,72743,0,0,0,0,0,0,0,0,0,0
626,银币,你的冒险指南里似乎有一页里夹着一枚银币。,钱币大派送！,,,7,104912,0,3,237282,0,72746,0,0,0,0,0,0,0,0,0,0
627,金币,你的冒险指南里似乎有一页里夹着一枚金币。,钱币大派送！,,,7,104913,0,3,237281,0,72747,0,0,0,0,0,0,0,0,0,0
628,一袋钱币,你的冒险指南里似乎有一页里夹着一袋钱币。,钱币大派送！,,,7,104914,0,3,133657,0,72748,0,0,0,0,0,0,0,0,0,0
629,神秘钱币,你的冒险指南里似乎有一页里夹着一枚不同寻常的硬币。,钱币大派送？,,,7,104915,0,3,133791,0,72749,0,0,0,0,0,0,0,0,0,0
630,野性战场,呼朋唤友（或者就叫上附近的人），完成欧恩哈拉平原的野性战场任务线！,,完成此任务线会解锁一个额外的世界任务。,,7,104926,0,0,4672498,0,0,0,8,10,0,0,0,0,0,0,0
631,创新引擎,完成开始于瓦德拉肯的创新引擎任务线，获得灵思火花。灵思火花可以用来制造极其强大的物品！,,灵思火花可以用来制造物品等级为382以及更高的物品。样本物品：,,7,104926,1,0,4693221,0,0,0,8,10,0,0,0,0,0,0,0
632,复苏化生台,与瓦德拉肯的宏伟宝库附近的安图卡谈一谈，解锁复苏化生台。复苏化生台可以将提尔本人的智慧和力量灌注进你的武器和护甲！,,,,7,5703,0,0,4554462,0,0,0,8,10,0,0,0,0,0,0,0
634,事件：暴风之怒,在拜荒者的未来中帮助时间旅行抵抗军迎战拜荒者，以获取史诗奖励。,开始任务,,,7,106962,0,3,4687630,0,74436,0,2,6,0,0,0,0,0,0,0
635,事件：暴风之怒,在拜荒者的未来中帮助时间旅行抵抗军迎战拜荒者，以获取史诗奖励。,,,,7,106963,0,0,4687630,0,0,0,2,6,0,0,0,0,0,0,0
636,事件：暴风之怒,在拜荒者的未来中帮助时间旅行抵抗军迎战拜荒者，以获取史诗奖励。,,,,7,106965,0,0,4687630,0,0,0,2,6,0,0,0,0,0,0,0
637,生命火花：禁忌离岛,瓦德拉肯的卡祖尔向你发出挑战，要你在PvP战斗中击败敌人。,接受任务,,,5,107128,0,3,4672496,0,74871,0,6,6,2797,8,0,0,0,0,0
638,商栈，收集者的宝箱,可以前往商栈获取标币了。,,,,7,104831,0,0,4696085,0,0,0,98,98,0,0,0,0,0,0,0
639,商栈营业中,前往暴风城的陶妮和怀尔德商栈，浏览奇异的商品，了解如何取得它们。,接受任务,,,7,107533,0,3,4696085,0,66858,0,21,21,0,0,0,0,0,0,0
640,商栈营业中,前往奥格瑞玛的赞卡拉商栈，浏览奇异的商品，了解如何取得它们。,接受任务,,,7,107534,0,3,4696085,0,66959,0,21,21,0,0,0,0,0,0,0
641,商栈上新,商栈有了新活动和货品。,接受任务,,,7,107537,1,3,4696085,0,72681,0,99,99,0,0,0,0,0,0,0
642,商栈营业中,访问暴风城或奥格瑞玛，浏览本月提供的多种神秘魔幻商品。翻阅你的旅行者日志，了解本月活动。,,,,7,0,1,0,4696085,0,0,0,20,20,0,0,0,0,0,0,0
643,援助联军,提升在巨龙群岛各大阵营的名望，获得丰厚奖励。,接受任务,,,7,107836,1,3,4687630,0,75259,0,9,10,0,0,0,0,0,0,0
644,隐世的传承,深入了解龙希尔撤退时留下的秘密。,接受任务,,,7,107837,0,3,4687630,0,74381,0,10,11,0,0,0,0,0,0,0
645,兽人传承护甲,帮助伊崔格恢复来自德拉诺的古老节庆“克许哈格”，并证明你是真正的人民勇士！,接受任务,,,7,107838,0,3,4898329,0,73703,0,9,12,0,0,0,0,0,0,0
646,人类传承护甲,军情七处和一位出乎意料的盟友需要你帮忙解开一件失窃神器的秘密！到暴风要塞后面找到马迪亚斯·肖尔大师，开始寻找线索……,接受任务,,,7,107839,0,3,4893169,0,72644,0,9,12,0,0,0,0,0,0,0
647,学术援助,帮助索诺瓦·雪山破解冬裘熊怪的独特方言，赢得这些熊怪的信任，从而理解并最终学会冬裘熊怪的语言。,接受任务,,,7,107840,0,3,4905324,0,72546,0,2,5,0,0,0,0,0,0,0
649,兹斯克拉宝库：阿兹,深入探索奈萨里奥的失落宝库，寻找答案……还有宝藏！,接受任务,,,7,107842,0,3,4909720,0,72953,0,6,6,0,0,0,0,0,0,0
650,兹斯克拉宝库：乌尔,深入探索奈萨里奥的失落宝库，寻找答案……还有宝藏！,接受任务,,,7,107843,0,3,4909720,0,72952,0,6,6,0,0,0,0,0,0,0
651,兹斯克拉宝库：伊克斯,深入探索奈萨里奥的失落宝库，寻找答案……还有宝藏！,接受任务,,,7,107844,0,3,4909720,0,72954,0,6,6,0,0,0,0,0,0,0
652,兹斯克拉宝库：凯克斯,深入探索奈萨里奥的失落宝库，寻找答案……还有宝藏！,接受任务,,,7,107845,0,3,4909720,0,72955,0,6,6,0,0,0,0,0,0,0
653,兹斯克拉宝库,深入探索奈萨里奥的失落宝库，寻找答案……还有宝藏！,接受任务,,,7,107846,0,3,4909720,0,72956,0,6,6,0,0,0,0,0,0,0
654,世仇旧恨,梅拉·高岭对贝恩有点担心。贝恩独自前往欧恩哈拉平原寻找一名失踪的朋友。询问瓦德拉肯的梅拉，了解详情。,,,,7,108156,0,0,236555,0,0,0,2,5,0,0,0,0,0,0,0
655,生命火花：查拉雷克洞窟,瓦德拉肯的布拉姆向你发出挑战，要你在PvP战斗中击败敌人。,接受任务,,,5,107899,0,3,4672499,0,75305,0,6,6,2797,8,0,0,0,0,0
656,世仇旧恨,梅拉·高岭对贝恩有点担心。贝恩独自前往欧恩哈拉平原寻找一名失踪的朋友。询问瓦德拉肯的梅拉，了解详情。,,,,7,108157,0,0,236555,0,0,0,2,5,0,0,0,0,0,0,0
657,世仇旧恨,梅拉·高岭对贝恩有点担心。贝恩独自前往欧恩哈拉平原寻找一名失踪的朋友。询问瓦德拉肯的梅拉，了解详情。,,,,7,108158,0,0,236555,0,0,0,2,5,0,0,0,0,0,0,0
658,亚贝鲁斯，焰影熔炉,许多势力企图夺取奈萨里奥的遗产，他们突袭了奈萨里奥的实验室，企图攫取其力量。英雄们必须深入黑暗之地，确保熔炉中的实验品不会落入恶人手中。,寻找组队,,,6,110438,2,6,5161748,0,0,0,8,10,0,0,0,0,0,0,0
659,随机团队：被遗弃的造物,奈萨里奥被遗忘了万年的造物已经被扭曲成了可怕的存在。如果放任不管，它们会对巨龙群岛造成难以想象的破坏。,加入团队,,,6,108405,2,2,5161744,2399,0,0,8,10,0,0,0,0,0,0,0
660,随机团队：巨人之怒,扎卡利战团对熔炉发起了毁灭性的突袭，想要救出失踪的长老。,加入团队,,,6,108407,2,2,5161752,2400,0,0,8,10,0,0,0,0,0,0,0
661,随机团队：奈萨里奥之影,黑暗中，曾经腐化过大地守护者的那股力量开始再度苏醒，企图戕害更多生灵。,加入团队,,,6,108408,2,2,5161747,2401,0,0,8,10,0,0,0,0,0,0,0
662,随机团队：虚空之缘,萨卡雷斯孑立在深渊边缘，企图夺取强大的力量，以及奈萨里奥最终的遗产。,加入团队,,,6,108409,2,2,5161750,2402,0,0,8,10,0,0,0,0,0,0,0
663,永恒黎明,永恒龙军团侵入了青铜神殿。帮助诺兹多姆和克罗米夺回时间流！,加入队伍,,,6,112019,2,6,5221804,2430,0,0,7,8,0,0,0,0,0,0,0
664,蓝龙,和卡雷苟斯会面并帮助蓝龙军团重聚。,接受任务,,,7,109228,0,3,134155,0,72900,0,6,6,0,0,0,0,0,0,0
665,援助联军,提升在巨龙群岛各大阵营的名望，获得丰厚奖励。,接受任务,,,7,109169,1,3,4687630,0,75860,0,9,10,0,0,0,0,0,0,0
666,援助联军,提升在巨龙群岛各大阵营的名望，获得丰厚奖励。,接受任务,,,7,109167,1,3,4687630,0,75859,0,9,10,0,0,0,0,0,0,0
667,援助联军,提升在巨龙群岛各大阵营的名望，获得丰厚奖励。,接受任务,,,7,109168,1,3,4687630,0,75861,0,9,10,0,0,0,0,0,0,0
668,奈萨里奥之烬：第1章,与艾比西安交谈，前往查拉雷克洞窟冒险。,接受任务,,,7,109231,0,3,5140835,0,72975,0,6,6,0,0,0,0,0,0,0
669,奈萨里奥之烬：第4章,与艾比西安交谈，返回查拉雷克洞窟。,接受任务,,,7,109232,0,3,5140835,0,72987,0,6,6,0,0,0,0,0,0,0
670,菲莱克突袭,在菲莱克在巨龙群岛四处纵火时，击败他的部队。,接受任务,,,7,109236,0,3,4914672,0,75887,0,0,0,0,0,0,0,0,2,5
671,奈萨里奥之烬：第6章,与艾比西安交谈，继续你的查拉雷克洞窟之旅。,,,,7,109239,0,0,5140835,0,0,0,6,6,0,0,0,0,0,0,0
672,提尔之陨,在提尔要塞和诺兹多姆见面，修复提尔最后的回忆。,,,,7,109892,0,0,4529128,0,0,0,2,5,0,0,0,0,0,0,0
673,商栈上新,商栈有了新活动和货品。,接受任务,,,7,110052,0,3,4696085,0,76103,0,99,99,0,0,0,0,0,0,0
674,商栈上新,商栈有了新活动和货品。,接受任务,,,7,110056,0,3,4696085,0,76104,0,99,99,0,0,0,0,0,0,0
675,商栈上新,商栈有了新活动和货品。,接受任务,,,7,110058,0,3,4696085,0,76105,0,99,99,0,0,0,0,0,0,0
676,商栈上新,商栈有了新活动和货品。,接受任务,,,7,110059,0,3,4696085,0,76106,0,99,99,0,0,0,0,0,0,0
677,商栈上新,商栈有了新活动和货品。,接受任务,,,7,110060,0,3,4696085,0,76107,0,99,99,0,0,0,0,0,0,0
678,商栈上新,商栈有了新活动和货品。,接受任务,,,7,110062,0,3,4696085,0,76108,0,99,99,0,0,0,0,0,0,0
679,商栈上新,商栈有了新活动和货品。,接受任务,,,7,110064,0,3,4696085,0,76112,0,99,99,0,0,0,0,0,0,0
680,商栈上新,商栈有了新活动和货品。,接受任务,,,7,110065,0,3,4696085,0,76113,0,99,99,0,0,0,0,0,0,0
681,商栈上新,商栈有了新活动和货品。,接受任务,,,7,110066,0,3,4696085,0,76114,0,99,99,0,0,0,0,0,0,0
682,战斗就是最好的奖赏,瓦德拉肯的凯莫拉想让你去完成“巨龙时代”英雄地下城。,接受任务,,,7,110071,1,3,4295888,0,76122,0,6,6,0,0,0,0,0,0,0
683,时光裂隙,协助青铜龙军团，击退来自其他时间线的来犯之敌！留心地图，时光裂隙会周期性地出现在瓦德拉肯东侧的提尔要塞水库。,接受任务,,,7,111937,0,3,236395,0,77236,0,2,6,0,0,0,0,0,0,0
684,援助联军,提升在巨龙群岛各大阵营的名望，获得丰厚奖励。,接受任务,,,7,111931,1,3,4687630,0,77254,0,9,10,0,0,0,0,0,0,0
686,克罗米的无数生命,其他时间线的克罗米占据了索德拉苏斯！她们来干什么？是谁指使的？和克罗米一起揭开真相，否则时间就来不及了！,,,,7,112617,0,0,5221804,0,0,0,2,5,0,0,0,0,0,0,0
687,纪元边界,和调酒师鲍勃谈一谈，帮忙清理纪元边界时光相关的乱子。,接受任务,,,7,112403,0,3,4622478,0,77437,0,6,6,0,0,0,0,0,0,0
688,雏龙日托所,可爱的小家伙就要在红玉新生法池破壳了！快去和阿美拉谈一谈，帮忙打理事务繁忙的幼鳞日托所。,接受任务,,,7,112469,0,3,4509421,0,72664,0,6,6,0,0,0,0,0,0,0
689,索莉多米的情谊,通过完成时光裂隙、永恒黎明以及帮助纪元边界的居民来赢得索莉多米的认可，然后向提尔要塞水库的索莉多米回报，水库在瓦德拉肯以东。,,,,7,112882,0,0,922527,0,0,0,2,6,0,0,0,0,0,0,0
690,威焰同盟,发现菲莱克在露恩黛的阴谋。,接受任务,,,7,113184,0,3,443393,0,76982,0,10,11,0,0,0,0,0,0,0
691,被遗忘者传承护甲,旧日宿敌再度现身，威胁着刚刚夺回的洛丹伦废墟，你和荒芜议会不得不守卫被遗忘者的家园。,接受任务,,,7,113188,0,3,5046205,0,76530,0,9,12,0,0,0,0,0,0,0
692,赤目红心,先知维伦看到了一个费解的幻象，预示着他的人民的未来。在阿古斯和他汇合，剖析其含义。,,德莱尼的堕落者艾瑞达自定义选项,,7,113193,0,0,236559,0,0,0,2,5,0,0,0,0,0,0,0
693,援助联军,提升在巨龙群岛各大阵营的名望，获得丰厚奖励。,接受任务,,,7,113342,1,3,4687630,0,77976,0,9,10,0,0,0,0,0,0,0
694,重铸提尔近卫,和塔瓦德一起努力重建提尔近卫，然后和提尔近卫一起找到提尔圆盘的位置。,接受任务,,,7,113420,0,3,5172995,0,75632,0,9,12,0,0,0,0,0,0,0
695,暗夜精灵传承护甲,哨兵部队的一支分遣队在费伍德森林失踪了。和守望者一起查明他们的命运，并夺回远古故土。,接受任务,,,7,113473,0,3,255141,0,75890,0,9,12,0,0,0,0,0,0,0
696,生命火花：翡翠梦境,瓦德拉肯的杰芙琳向你发出挑战，要你在PvP战斗中击败敌人。,接受任务,,,5,113945,0,3,5390645,0,78097,0,6,6,2797,8,0,0,0,0,0
697,永恒黎明：迦拉克隆的陨落,永恒龙军团侵入了青铜神殿。帮助诺兹多姆和克罗米夺回时间流！,加入队伍,,,6,114374,0,1,5221804,2431,0,0,7,8,0,0,0,0,0,0,0
698,永恒黎明：姆诺兹多的崛起,姆诺兹多已经崛起。快跟克罗米一起，争分夺秒，纠正过去！,加入队伍,,,6,114375,0,1,5221804,2432,0,0,7,8,0,0,0,0,0,0,0
699,阿梅达希尔，梦境之愿,艾泽拉斯的勇士们必须团结一致，直面菲莱克和他的烈焰盟友，不能让他腐化阿梅达希尔之心并夺取它的力量。,寻找组队,,,6,114927,2,6,5342929,2502,0,0,92,92,0,0,0,0,0,0,0
704,翡翠梦境战役：第6章,和泰兰德谈一谈，见证阿梅达希尔的盛放。,接受任务,,,7,5793,0,3,5342929,0,77780,0,6,6,0,0,0,0,0,0,0
705,随机团队：熔火侵攻,拉罗达尔已经被烈焰扭曲，他企图让翡翠梦境化为火海。如果他得以成功，一切都将灰飞烟灭。,加入团队,,,6,114930,6,2,5342927,2468,0,0,94,94,0,0,0,0,0,0,0
706,随机团队：阿梅达希尔的命运,菲莱克已经到达了阿梅达希尔之心的位置，企图夺取它的力量。,加入团队,,,6,114929,6,2,5342925,2469,0,0,96,96,0,0,0,0,0,0,0
707,随机团队：茏葱织纹,尼穆威纺织着翡翠梦境的迷人图案。我们的入侵扰乱了这个进程，所以被视作威胁。,加入团队,,,6,114928,6,2,5342920,2467,0,0,95,95,0,0,0,0,0,0,0
708,随机团队：化身余波,斯莫德隆强行突破了翡翠梦境。如果放任不管，他的军队所到之处，一切都会在烈焰中哀鸣。,加入团队,,,6,114931,6,2,5342930,2466,0,0,93,93,0,0,0,0,0,0,0
709,战场闪电战,和双方阵营的成员一起执行使命，在战场上证明自己。比赛节奏加快了！,开始任务,,,5,114958,1,3,1713483,0,78128,1101,97,97,1602,110,0,0,0,0,0
710,梦境守护者：第1章,与麦琳瑟拉交谈，前往翡翠梦境进行冒险。,接受任务,,,7,115434,0,3,5244643,0,76317,0,7,7,0,0,0,0,0,0,0
711,提尔归来,与提尔近卫一起前往暗夜要塞，找回提尔圆盘，并将其还给诺兹多姆，使泰坦守护者提尔重新运转。,接受任务,,,7,115433,0,3,5245774,0,77339,0,9,12,0,0,0,0,0,0,0
712,梦境守护者：第4章,翡翠梦境还在遭受菲莱克和他的部队的攻击。在阿梅达希尔与麦琳瑟拉以及伊瑟拉会师。,,,,7,115446,0,0,5244643,0,0,0,7,7,0,0,0,0,0,0,0
713,援助联军,提升在巨龙群岛各大阵营的名望，获得丰厚奖励。,接受任务,,,7,114982,1,3,4687630,0,78446,0,9,10,0,0,0,0,0,0,0
714,援助联军,提升在巨龙群岛各大阵营的名望，获得丰厚奖励。,接受任务,,,7,114995,1,3,4687630,0,78447,0,9,10,0,0,0,0,0,0,0
715,不合群的巨龙,加入拉希奥和威拉诺兹，一起招募更多的巨龙军团来守护世界树。,,,,7,115457,0,0,5175569,0,0,0,6,6,0,0,0,0,0,0,0
716,援助联军,选择一种方式来协助巨龙群岛的各个阵营，你会获得奖励。,选择一个任务,,,7,107832,0,3,4687630,0,78861,0,9,10,0,0,0,0,0,0,0
717,收复吉尔尼斯,联盟受到了召唤，要协助吉恩·格雷迈恩夺回吉尔尼斯，将这座王国归还到它的人民手上。,接受任务,,,7,116386,0,3,462338,0,78596,0,9,12,0,0,0,0,0,0,0
718,收复吉尔尼斯,莉莉安·沃斯和佳莉娅·米奈希尔请求部落勇士帮忙前往吉尔尼斯的腹地执行一项秘密任务。,接受任务,,,7,116387,0,3,462338,0,78597,0,9,12,0,0,0,0,0,0,0
719,皇冠药剂公司,药剂师汉摩尔和他的密友们一直在调制一批有毒的香水！快集结起来，干掉他们。,寻找组队,,,4,116635,0,1,135447,288,0,0,6,12,0,0,0,0,0,0,0
720,德莱尼传承护甲,古老的庆典得以重见天日，以此庆祝德莱尼一族崭新时代的到来。罗姆尔在暴风城大使馆留下了一个包裹，希望得到你的帮助。,接受任务,,,7,116822,0,3,4912586,0,78068,0,9,12,0,0,0,0,0,0,0
721,暗矛巨魔传承护甲,暗矛部族与其洛阿神灵的联系非常脆弱。邦桑迪来到回音群岛，对巨魔们提出了要求。,接受任务,,,7,116824,0,3,5212672,0,77869,0,9,12,0,0,0,0,0,0,0
722,盛大发掘：叛徒之眠,和其他档案员一起干点体力活，发掘出叛徒之眠背后的真相！留心地图，盛大发掘会周期性地出现在碧蓝林海。,接受任务,,,7,117824,0,3,5221397,0,79226,0,3,7,0,0,0,0,0,0,0
723,档案馆需要你！,主档案员埃德霍·戴利格瑞治需要像你这样的杰出人士来帮助艾泽拉斯档案馆发掘巨龙群岛尘封的奥秘！,接受任务,,,7,117825,0,3,5221397,0,77325,0,3,7,0,0,0,0,0,0,0
724,超然盛放,保护杉冠的安全，同时让他保持清醒，使他能够让翡翠梦境恢复活力！此公共事件会在阿梅达希尔基地附近周期性出现。,接受任务,,,7,117857,0,3,306845,0,78319,0,2,6,0,0,0,0,0,0,0
725,梦涌,巨龙群岛各地出现了梦境能量的爆发性激涌，帮助艾泽拉斯的德鲁伊们处理这一情况！,接受任务,,,7,117857,0,3,132840,0,77251,0,2,6,0,0,0,0,0,0,0
726,强大的盟友：梦境守望者,与翡翠梦境的梦境守望者缔结紧密的羁绊，提升你的名望。,接受任务,,,7,117859,0,3,5246410,0,78444,0,2,6,0,0,0,0,0,0,0
727,强大的盟友：峈姆鼹鼠人,与查拉雷克洞窟的鼹鼠人缔结紧密的羁绊，提升你的名望。,接受任务,,,7,117860,0,3,5045060,0,75665,0,2,6,0,0,0,0,0,0,0
728,盛放的梦境之种,在翡翠梦境各地播种，然后从花朵里收获宝藏！,接受任务,,,7,117861,0,3,348548,0,78821,0,2,6,0,0,0,0,0,0,0
729,复活节,挎上你的篮子，迎接复活节的到来！前往主城，了解详情。,,,,4,117911,0,0,236570,0,0,0,6,12,0,0,0,0,0,0,0
730,复活节,挎上你的篮子，迎接复活节的到来！前往主城，了解详情。,,,,4,117912,0,0,236570,0,0,0,6,12,0,0,0,0,0,0,0
731,追猎先驱,前往达拉然，与卡德加和奥蕾莉亚·风行者会面，对神秘的先驱以及她的幽暗之心展开追查。,接受任务,,,7,120155,0,3,4913234,0,79009,0,10,11,0,0,0,120155,0,0,0
732,尼鲁巴尔王宫,斩离之丝的成员密谋发动了对安苏雷克女王统治的最后一搏。,寻找组队,,,6,122358,2,6,5779391,0,0,0,92,92,0,0,0,0,0,0,0
736,长姐之罪,一名暗夜精灵希望将家人安葬在阿梅达希尔，但因为她姐姐的背叛行径，她的请求招致了反对。与贝拉梅斯的玛法里奥·怒风谈谈，了解详情。,,,,7,122641,0,0,236449,0,0,0,2,5,0,0,0,0,0,0,0
737,地心之战,前往希利苏斯调查出现在艾泽拉斯各地的神秘幻象。,接受任务,,,7,122640,0,3,2967100,0,78713,0,9,12,0,0,0,0,0,0,0
738,地心之战,前往希利苏斯调查出现在艾泽拉斯各地的神秘幻象。,接受任务,,,7,122638,0,3,2967100,0,81930,0,9,12,0,0,0,0,0,0,0
739,战场闪电战,和双方阵营的成员一起执行使命，在战场上证明自己。比赛节奏加快了！,加入战斗！,,,5,123331,0,8,1713483,0,0,1101,97,97,0,0,0,33559,0,4,0
740,御渊溪谷,加入御渊溪谷的战斗。,开始任务,,,5,123365,0,3,236396,0,82748,0,9,10,0,0,0,0,0,0,0
741,斩离之丝,前往纺丝者之巢并选择一份契约，解锁艾基-卡赫特的多项活动。,,,,7,124433,0,0,5770809,0,0,0,9,10,0,0,0,0,0,0,0
742,散布圣光,点燃陨圣峪的圣焰，驱散黑暗的势力。,,,,7,124435,0,0,5770810,0,0,0,9,10,0,0,0,0,0,0,0
743,主机觉醒,前往冈达加兹，帮助机语者唤醒远古的机器。,,,,7,124436,0,0,5770812,0,0,0,9,10,0,0,0,0,0,0,0
744,剧场巡演,前往榭台帮助土灵讲述他们的历史故事。,接受任务,,,7,124437,0,3,5770811,0,83240,0,9,10,0,0,0,0,0,0,0
745,英雄地下城,挑战英雄难度的“地心之战”地下城，考验你的技巧，获得更好的奖励！,加入队伍,,,6,124816,0,1,5899333,2517,0,0,7,8,0,0,0,0,0,0,0
746,随机地下城,完成“地心之战”随机地下城，为你的角色提升装备！,加入队伍,,,6,124817,0,1,5899331,2516,0,0,7,8,0,0,0,0,0,0,0
747,史诗钥石,在史诗地下城入口使用史诗钥石，迎接更强大的挑战，获得更好的奖励！,寻找组队,,,6,124818,0,6,4352494,0,0,0,7,8,0,0,0,0,0,0,0
748,史诗地下城,挑战史诗难度的“地心之战”地下城，考验你的技巧，获得更好的奖励！,寻找组队,,,6,124819,0,6,5899328,0,0,0,7,8,0,0,0,0,0,0,0
749,化生台,与多恩诺嘉尔铸炉园的管理者胡伯恩谈一谈，解锁化生台。化生台可以为你的护甲注入更强大的力量！,,,,7,124820,0,0,5770811,0,0,0,8,10,0,0,0,0,0,0,0
750,世界之魂活动,与多恩诺嘉尔的菲琳交谈，选择你想如何援助卡兹阿加，获得丰厚奖励。,,,,7,125237,0,0,5891368,0,0,0,9,10,3028,1,0,0,0,0,0
751,档案馆：第一个圆盘,与多恩诺嘉尔的布琳泽交谈，帮助修复档案馆，获得丰厚奖励。,接受任务,,,7,125238,0,3,4631317,0,82678,0,9,10,3028,1,0,0,0,0,0
752,地下堡：蛛魔的威吓,与多恩诺嘉尔的布莱恩·铜须交谈，深入卡兹阿加的地下堡，获得丰厚奖励。,接受任务,,,7,125239,0,3,5315246,0,82708,0,9,10,3028,1,0,0,0,0,0
753,艾拉-卡拉，回响之城,多恩诺嘉尔的贝尔苟兹希望你能够潜入艾拉-卡拉，回响之城地下城。,接受任务,成功后你可以提升自己选择的地心之战阵营的名望！,,7,125240,0,3,5899326,0,83465,0,6,6,0,0,0,0,0,0,0
754,燧酿酒庄,多恩诺嘉尔的贝尔苟兹希望你能够前往燧酿酒庄地下城，铲除风险投资公司。,接受任务,成功后你可以提升自己选择的地心之战阵营的名望！,,7,125241,0,3,5899327,0,83436,0,6,6,0,0,0,0,0,0,0
755,千丝之城,多恩诺嘉尔的贝尔苟兹希望你能够前往千丝之城地下城，消灭宰相的敌人。,接受任务,成功后你可以提升自己选择的地心之战阵营的名望！,,7,125242,0,3,5899328,0,83469,0,6,6,0,0,0,0,0,0,0
756,暗焰裂口,多恩诺嘉尔的贝尔苟兹希望你能够前往暗焰裂口地下城，对付黑暗之主。,接受任务,成功后你可以提升自己选择的地心之战阵营的名望！,,7,125243,0,3,5899329,0,83443,0,6,6,0,0,0,0,0,0,0
757,圣焰隐修院,多恩诺嘉尔的贝尔苟兹希望你前往圣焰隐修院，帮助艾特娜·布雷兹修女。,接受任务,成功后你可以提升自己选择的地心之战阵营的名望！,,7,125244,0,3,5899331,0,83458,0,6,6,0,0,0,0,0,0,0
758,破晨号,多恩诺嘉尔的贝尔苟兹希望你能够前往破晨号地下城，确保仪式顺利进行。,接受任务,成功后你可以提升自己选择的地心之战阵营的名望！,,7,125245,0,3,5899330,0,83459,0,6,6,0,0,0,0,0,0,0
759,驭雷栖巢,多恩诺嘉尔的贝尔苟兹希望你能够前往驭雷栖巢，解决斯卡丁的威胁。,接受任务,成功后你可以提升自己选择的地心之战阵营的名望！,,7,125246,0,3,5899332,0,83432,0,6,6,0,0,0,0,0,0,0
760,矶石宝库,多恩诺嘉尔的贝尔苟兹希望你能够前往矶石宝库，终止斯卡丁的腐化。,接受任务,成功后你可以提升自己选择的地心之战阵营的名望！,,7,125247,0,3,5899333,0,83457,0,6,6,0,0,0,0,0,0,0
761,档案馆：追寻历史,与多恩诺嘉尔的布琳泽交谈，帮助修复档案馆，获得丰厚奖励。,接受任务,,,7,125249,0,3,4631317,0,82679,0,9,10,3028,1,0,0,0,0,0
762,地下堡：土灵防御,与多恩诺嘉尔的布莱恩·铜须交谈，深入卡兹阿加的地下堡，获得丰厚奖励。,接受任务,,,7,125251,0,3,5315246,0,82707,0,9,10,3028,1,0,0,0,0,0
763,地下堡：卡兹阿加研究,与多恩诺嘉尔的布莱恩·铜须交谈，深入卡兹阿加的地下堡，获得丰厚奖励。,接受任务,,,7,125252,0,3,5315246,0,82706,0,9,10,3028,1,0,0,0,0,0
764,地下堡：强硬派考古学,与多恩诺嘉尔的布莱恩·铜须交谈，深入卡兹阿加的地下堡，获得丰厚奖励。,接受任务,,,7,125253,0,3,5315246,0,82709,0,9,10,3028,1,0,0,0,0,0
765,地下堡：帝国实验性探索,与多恩诺嘉尔的布莱恩·铜须交谈，深入卡兹阿加的地下堡，获得丰厚奖励。,接受任务,,,7,125254,0,3,5315246,0,82710,0,9,10,3028,1,0,0,0,0,0
766,地下堡：失物招领,与多恩诺嘉尔的布莱恩·铜须交谈，深入卡兹阿加的地下堡，获得丰厚奖励。,接受任务,,,7,125255,0,3,5315246,0,82711,0,9,10,3028,1,0,0,0,0,0
767,地下堡：卡兹阿加上下两难,与多恩诺嘉尔的布莱恩·铜须交谈，深入卡兹阿加的地下堡，获得丰厚奖励。,接受任务,,,7,125256,0,3,5315246,0,82712,0,9,10,3028,1,0,0,0,0,0
768,地下堡：打败强敌以获取战利品,与多恩诺嘉尔的布莱恩·铜须交谈，深入卡兹阿加的地下堡，获得丰厚奖励。,接受任务,,,7,125257,0,3,5315246,0,82746,0,9,10,3028,1,0,0,0,0,0
769,战争火花：多恩岛,多恩诺嘉尔的路费欧斯向你发出挑战，要你在PvP战斗中击败敌人。,接受任务,,,7,125273,0,3,5770811,0,81793,0,6,6,0,0,0,0,0,0,0
770,战争火花：喧鸣深窟,多恩诺嘉尔的路费欧斯向你发出挑战，要你在PvP战斗中击败敌人。,接受任务,,,7,125274,0,3,5770812,0,81794,0,6,6,0,0,0,0,0,0,0
771,战争火花：陨圣峪,多恩诺嘉尔的路费欧斯向你发出挑战，要你在PvP战斗中击败敌人。,接受任务,,,7,125275,0,3,5770810,0,81795,0,6,6,0,0,0,0,0,0,0
772,战争火花：艾基-卡赫特,多恩诺嘉尔的路费欧斯向你发出挑战，要你在PvP战斗中击败敌人。,接受任务,,,7,125276,0,3,5770809,0,81796,0,6,6,0,0,0,0,0,0,0
773,援军将至,援军即将到达卡兹阿加，布莱恩·铜须号召老练的冒险者前往多恩诺嘉尔。,接受任务,为该角色解锁选项，可以跳过升级战役，直接开始满级战役。,,7,126936,0,3,252175,0,84365,0,10,11,0,0,0,126936,0,0,0
774,随机团队：掠丝城楼,畸形怪兽与贵族卫兵们守护着尼鲁巴尔王宫周围的腐溃坑洞和悬空城楼。,加入团队,,,6,127235,6,2,5779391,2649,0,0,8,10,0,0,0,0,0,0,0
775,随机团队：尼鲁巴尔王宫之秘,席克兰率领的蛛魔部队擅长狡猾而精准的战术，会消灭任何企图颠覆女王的入侵者。,加入团队,,,6,127236,6,2,5779391,2650,0,0,8,10,0,0,0,0,0,0,0
776,随机团队：女王之殇,安苏雷克女王屈服于恶毒的妄想，为了继续掌控帝国而沦陷于黑暗的力量中。,加入团队,,,6,127237,6,2,5779391,2651,0,0,8,10,0,0,0,0,0,0,0
777,假日活动：地下堡,在此假日活动期间完成地下堡！,开始任务,,,4,128628,0,3,6025441,0,84776,0,91,91,0,0,0,0,0,0,0
