ID,Name_lang,Description_lang,ToastDescription_lang,CovenantID,Level,Icon,Flags,UiOrder,ItemID,SpellID,MountID,TransmogID,TransmogSetID,CharTitlesID,GarrFollowerID,TransmogIllusionID,QuestID,PlayerConditionID
18,,你可以和看守者鐘花交談以招募這位冒險者。,解鎖新的冒險者,3,4,0,0,0,0,0,0,0,0,0,1283,0,64508,0
19,靈魂之絆升級：妮亞,解鎖妮亞第3排的靈魂之絆特長。,解鎖妮亞的靈魂之絆特長,3,3,3684884,2,0,0,0,0,0,0,0,0,0,64508,0
22,靈魂之絆升級：妮亞,解鎖妮亞第4排的靈魂之絆特長。,解鎖妮亞的靈魂之絆特長,3,7,3684884,2,0,0,0,0,0,0,0,0,0,64508,0
23,,你可以和看守者鐘花交談以招募這位冒險者。,解鎖新的冒險者,3,12,0,0,0,0,0,0,0,0,0,1285,0,64508,0
25,靈魂之絆升級：織夢者,解鎖織夢者第4排的靈魂之絆特長。,解鎖織夢者的靈魂之絆特長,3,9,3684882,2,0,0,0,0,0,0,0,0,0,64508,0
28,靈魂之絆升級：織夢者,解鎖織夢者第5排的靈魂之絆特長。,解鎖織夢者的靈魂之絆特長,3,13,3684882,2,1,0,0,0,0,0,0,0,0,0,0
29,,這段取回的記憶將開放從名望軍需官購買。,解鎖新的取回的記憶,3,14,0,0,0,183249,0,0,0,0,0,0,0,64508,0
31,靈魂之絆升級：妮亞,解鎖妮亞第5排的靈魂之絆特長。,解鎖妮亞的靈魂之絆特長,3,10,3684884,2,0,0,0,0,0,0,0,0,0,64508,0
32,,你可以和看守者鐘花交談以招募這位冒險者。,解鎖新的冒險者,3,17,0,0,1,0,0,0,0,0,0,1284,0,0,0
33,世界任務獎勵,提高世界任務獎勵的物品等級。,提高世界任務物品等級上限,3,10,236668,0,1,0,0,0,0,0,0,0,0,63220,88686
35,,,解鎖新的外觀,3,6,0,0,0,0,0,0,113562,0,0,0,0,64508,0
36,,可向名望軍需官購買幻象：荒野之魂。,解鎖幻象：荒野之魂,3,36,0,0,0,0,0,0,0,0,0,0,71,64508,0
37,,可向名望軍需官購買暗夜妖精爐石玩具。,解鎖暗夜妖精爐石,3,11,0,0,1,180290,0,0,0,0,0,0,0,0,0
39,暗夜妖精戰役：佐司特的惡意,你可以開始進行暗夜妖精戰役的下一個章節。完成此章節可讓你和狩獵隊長克芮恩成為靈魂之絆。,解鎖新的戰役任務,3,22,1500884,1,0,0,0,0,0,0,0,0,0,64508,0
40,,可向名望軍需官領養樹蒂。,解鎖寵物夥伴,3,27,0,0,1,182663,0,0,0,0,0,0,0,0,0
41,靈魂之絆升級：妮亞,解鎖妮亞第6排的靈魂之絆特長。,解鎖妮亞的靈魂之絆特長,3,18,3684884,2,0,0,0,0,0,0,0,0,0,64508,0
42,,你可以和看守者鐘花交談以招募這位冒險者。,解鎖新的冒險者,3,27,0,0,0,0,0,0,0,0,0,1286,0,64508,0
43,,可向名望軍需官購買這些外觀：|n- 手腕|n- 手|n- 腰部,解鎖新的外觀,3,16,0,0,1,0,0,0,0,2086,0,0,0,64508,0
44,,可向名望軍需官購買這些外觀：|n- 披風|n- 腿部|n- 腳,解鎖新的外觀,3,26,0,0,0,0,0,0,0,2087,0,0,0,64508,0
45,,可向名望軍需官購買這些外觀：|n- 頭部|n- 肩部|n- 胸部,解鎖新的外觀,3,32,0,0,1,0,0,0,0,2089,0,0,0,64508,0
48,靈魂之絆升級：織夢者,解鎖織夢者第6排的靈魂之絆特長。,解鎖織夢者的靈魂之絆特長,3,21,3684882,2,0,0,0,0,0,0,0,0,0,64508,0
50,世界任務獎勵,提高世界任務獎勵的物品等級。,提高世界任務物品等級上限,3,19,236668,0,1,0,0,0,0,0,0,0,0,63221,88687
51,靈魂之絆升級：妮亞,解鎖妮亞第7排的靈魂之絆特長。,解鎖妮亞的靈魂之絆特長,3,25,3684884,2,0,0,0,0,0,0,0,0,0,64508,0
52,靈魂之絆升級：織夢者,解鎖織夢者第7排的靈魂之絆特長。,解鎖織夢者的靈魂之絆特長,3,29,3684882,2,0,0,0,0,0,0,0,0,0,64508,0
53,,你可以和看守者鐘花交談以招募她。,解鎖新的冒險者,3,33,0,0,0,0,0,0,0,0,0,1287,0,64508,0
55,靈魂之絆升級：克芮恩,解鎖克芮恩第7排的靈魂之絆特長。,解鎖克芮恩的靈魂之絆特長,3,28,3684885,2,0,0,0,0,0,0,0,0,0,64508,0
59,,你可以和看守者鐘花交談以招募這位冒險者。,解鎖新的冒險者,3,38,0,0,0,0,0,0,0,0,0,1288,0,64508,0
62,,,解鎖坐騎,3,39,0,0,0,0,0,1357,0,0,0,0,0,62415,0
63,,,解鎖頭銜,3,40,3641394,1,0,0,0,0,0,0,681,0,0,64508,0
64,,,解鎖新的外觀,3,34,0,0,0,0,0,0,113566,0,0,0,0,0,0
67,,你可以和闊洛斯交談以招募這位冒險者。,解鎖新的冒險者,1,4,0,0,0,0,0,0,0,0,0,1270,0,0,85540
68,,你可以和闊洛斯交談以招募這位冒險者。,解鎖新的冒險者,1,4,0,0,0,0,0,0,0,0,0,1271,0,0,85541
69,靈魂之絆升級：佩拉苟斯,解鎖佩拉苟斯第3排的靈魂之絆特長。,解鎖佩拉苟斯的靈魂之絆特長,1,3,3684898,2,0,0,0,0,0,0,0,0,0,64508,0
75,世界任務獎勵,提高世界任務獎勵的物品等級。,提高世界任務物品等級上限,1,10,236668,0,1,0,0,0,0,0,0,0,0,63220,88686
78,世界任務獎勵,提高世界任務獎勵的物品等級。,提高世界任務物品等級上限,1,19,236668,0,1,0,0,0,0,0,0,0,0,63221,88687
81,靈魂之絆升級：佩拉苟斯,解鎖佩拉苟斯第4排的靈魂之絆特長。,解鎖佩拉苟斯的靈魂之絆特長,1,7,3684898,2,0,0,0,0,0,0,0,0,0,64508,0
82,靈魂之絆升級：佩拉苟斯,解鎖佩拉苟斯第5排的靈魂之絆特長。,解鎖佩拉苟斯的靈魂之絆特長,1,10,3684898,2,0,0,0,0,0,0,0,0,0,64508,0
83,靈魂之絆升級：佩拉苟斯,解鎖佩拉苟斯第6排的靈魂之絆特長。,解鎖佩拉苟斯的靈魂之絆特長,1,21,3684898,2,0,0,0,0,0,0,0,0,0,64508,0
84,靈魂之絆升級：佩拉苟斯,解鎖佩拉苟斯第7排的靈魂之絆特長。,解鎖佩拉苟斯的靈魂之絆特長,1,25,3684898,2,0,0,0,0,0,0,0,0,0,64508,0
85,靈魂之絆升級：克蕾雅,解鎖克蕾雅第4排的靈魂之絆特長。,解鎖克蕾雅的靈魂之絆特長,1,9,3684897,2,0,0,0,0,0,0,0,0,0,64508,0
86,靈魂之絆升級：克蕾雅,解鎖克蕾雅第5排的靈魂之絆特長。,解鎖克蕾雅的靈魂之絆特長,1,13,3684897,2,1,0,0,0,0,0,0,0,0,0,0
87,靈魂之絆升級：克蕾雅,解鎖克蕾雅第6排的靈魂之絆特長。,解鎖克蕾雅的靈魂之絆特長,1,18,3684897,2,0,0,0,0,0,0,0,0,0,64508,0
88,靈魂之絆升級：克蕾雅,解鎖克蕾雅第7排的靈魂之絆特長。,解鎖克蕾雅的靈魂之絆特長,1,28,3684897,2,0,0,0,0,0,0,0,0,0,64508,0
90,靈魂之絆升級：米卡尼寇斯,解鎖米卡尼寇斯第7排的靈魂之絆特長。,解鎖米卡尼寇斯的靈魂之絆特長,1,29,3684894,2,0,0,0,0,0,0,0,0,0,64508,0
91,,你可以和闊洛斯交談以招募這位冒險者。,解鎖新的冒險者,1,12,0,0,0,0,0,0,0,0,0,1272,0,64508,0
92,,你可以和闊洛斯交談以招募這位冒險者。,解鎖新的冒險者,1,17,0,0,1,0,0,0,0,0,0,1273,0,0,0
93,,你可以和闊洛斯交談以招募這位冒險者。,解鎖新的冒險者,1,27,0,0,0,0,0,0,0,0,0,1276,0,64508,0
94,,你可以和闊洛斯交談以招募這位冒險者。,解鎖新的冒險者,1,33,0,0,0,0,0,0,0,0,0,1275,0,64508,0
95,,你可以和闊洛斯交談以招募這位冒險者。,解鎖新的冒險者,1,38,0,0,0,0,0,0,0,0,0,1274,0,64508,0
100,,這段取回的記憶將開放從名望軍需官購買。,解鎖新的取回的記憶,1,14,0,0,0,183249,0,0,0,0,0,0,0,64508,0
103,,可向名望軍需官領養小皺。,解鎖寵物夥伴,1,27,0,0,1,184350,0,0,0,0,0,0,0,0,0
104,,可向名望軍需官購買這些外觀：|n- 手腕|n- 手|n- 腰部,解鎖新的外觀,1,16,0,0,1,0,0,0,0,2124,0,0,0,64508,0
105,,可向名望軍需官購買這些外觀：|n- 披風|n- 腿部|n- 腳,解鎖新的外觀,1,26,0,0,0,0,0,0,0,2125,0,0,0,64508,0
106,,可向名望軍需官購買這些外觀：|n- 頭部|n- 肩部|n- 胸部,解鎖新的外觀,1,32,0,0,1,0,0,0,0,2126,0,0,0,64508,0
108,,,解鎖新的外觀,1,34,0,0,0,0,0,0,113552,0,0,0,0,0,0
109,,,解鎖坐騎,1,39,0,0,0,0,0,1399,0,0,0,0,0,62927,0
110,,,解鎖頭銜,1,40,3641395,1,0,0,0,0,0,0,678,0,0,64508,0
112,,,解鎖新的外觀,1,6,0,0,0,0,0,0,113546,0,0,0,0,64508,0
113,,可向名望軍需官購買琪瑞安爐石玩具。,解鎖琪瑞安爐石,1,11,0,0,1,184353,0,0,0,0,0,0,0,0,0
114,,可向名望軍需官購買幻象：卓越之魂。,解鎖幻象：卓越之魂,1,36,0,0,0,0,0,0,0,0,0,0,66,64508,0
117,靈魂之絆升級：娜迪亞,解鎖娜迪亞第3排的靈魂之絆特長。,解鎖娜迪亞的靈魂之絆特長,2,3,3485243,2,0,0,0,0,0,0,0,0,0,64508,0
118,靈魂之絆升級：娜迪亞,解鎖娜迪亞第4排的靈魂之絆特長。,解鎖娜迪亞的靈魂之絆特長,2,7,3485243,2,0,0,0,0,0,0,0,0,0,64508,0
119,靈魂之絆升級：娜迪亞,解鎖娜迪亞第5排的靈魂之絆特長。,解鎖娜迪亞的靈魂之絆特長,2,10,3485243,2,0,0,0,0,0,0,0,0,0,64508,0
120,靈魂之絆升級：娜迪亞,解鎖娜迪亞第6排的靈魂之絆特長。,解鎖娜迪亞的靈魂之絆特長,2,21,3485243,2,0,0,0,0,0,0,0,0,0,64508,0
121,靈魂之絆升級：娜迪亞,解鎖娜迪亞第7排的靈魂之絆特長。,解鎖娜迪亞的靈魂之絆特長,2,25,3485243,2,0,0,0,0,0,0,0,0,0,64508,0
123,靈魂之絆升級：希奧塔,解鎖希奧塔第4排的靈魂之絆特長。,解鎖希奧塔的靈魂之絆特長,2,9,3485244,2,0,0,0,0,0,0,0,0,0,64508,0
124,靈魂之絆升級：希奧塔,解鎖希奧塔第5排的靈魂之絆特長。,解鎖希奧塔的靈魂之絆特長,2,13,3485244,2,1,0,0,0,0,0,0,0,0,0,0
125,靈魂之絆升級：希奧塔,解鎖希奧塔第6排的靈魂之絆特長。,解鎖希奧塔的靈魂之絆特長,2,18,3485244,2,0,0,0,0,0,0,0,0,0,64508,0
126,靈魂之絆升級：希奧塔,解鎖希奧塔第7排的靈魂之絆特長。,解鎖希奧塔的靈魂之絆特長,2,28,3485244,2,0,0,0,0,0,0,0,0,0,64508,0
128,靈魂之絆升級：德瑞文,解鎖德瑞文將軍第7排的靈魂之絆特長。,解鎖德瑞文的靈魂之絆特長,2,29,3485245,2,0,0,0,0,0,0,0,0,0,64508,0
129,,你可以和謀士莎卡交談以招募這位冒險者。,解鎖新的冒險者,2,4,0,0,0,0,0,0,0,0,0,1250,0,64508,0
130,,你可以和謀士莎卡交談以招募這位冒險者。,解鎖新的冒險者,2,12,0,0,0,0,0,0,0,0,0,1251,0,64508,0
131,,你可以和謀士莎卡交談以招募這位冒險者。,解鎖新的冒險者,2,17,0,0,1,0,0,0,0,0,0,1252,0,0,0
132,,你可以和謀士莎卡交談以招募這位冒險者。,解鎖新的冒險者,2,27,0,0,0,0,0,0,0,0,0,1254,0,64508,0
133,,你可以和謀士莎卡交談以招募這位冒險者。,解鎖新的冒險者,2,33,0,0,0,0,0,0,0,0,0,1255,0,64508,0
134,,你可以和謀士莎卡交談以招募這位冒險者。,解鎖新的冒險者,2,38,0,0,0,0,0,0,0,0,0,1253,0,64508,0
139,世界任務獎勵,提高世界任務獎勵的物品等級。,提高世界任務物品等級上限,2,10,236668,0,1,0,0,0,0,0,0,0,0,63220,88686
142,世界任務獎勵,提高世界任務獎勵的物品等級。,提高世界任務物品等級上限,2,19,236668,0,1,0,0,0,0,0,0,0,0,63221,88687
149,,這段取回的記憶將開放從名望軍需官購買。,解鎖新的取回的記憶,2,14,0,0,0,183249,0,0,0,0,0,0,0,64508,0
152,,此外觀將開放購買。,解鎖新的外觀,2,6,0,0,0,0,0,0,114934,0,0,0,0,64508,0
153,,可向名望軍需官購買這些外觀：|n- 手腕|n- 手|n- 腰部,解鎖新的外觀,2,16,0,0,1,0,0,0,0,2099,0,0,0,64508,0
154,,可向名望軍需官購買這些外觀：|n- 披風|n- 腿部|n- 腳,解鎖新的外觀,2,26,0,0,0,0,0,0,0,2100,0,0,0,64508,0
155,,可向名望軍需官購買這些外觀：|n- 頭部|n- 肩部|n- 胸部,解鎖新的外觀,2,32,0,0,1,0,0,0,0,2101,0,0,0,64508,0
156,,,解鎖新的外觀,2,34,0,0,0,0,0,0,114927,0,0,0,0,0,0
158,,,解鎖坐騎,2,39,0,0,0,0,0,1388,0,0,0,0,0,62925,0
159,,,解鎖頭銜,2,40,3641397,1,0,0,0,0,0,0,682,0,0,0,88267
160,,,解鎖頭銜,2,40,3641397,1,0,0,0,0,0,0,683,0,0,64508,88266
161,,可向名望軍需官領養罪心。,解鎖寵物夥伴,2,27,0,0,1,181555,0,0,0,0,0,0,0,0,0
162,,可向名望軍需官購買幻象：罪怒。,解鎖幻象：罪怒,2,36,0,0,0,0,0,0,0,0,0,0,67,64508,0
163,,可向名望軍需官購買汎希爾罪孽石玩具。,解鎖汎希爾罪孽石,2,11,0,0,1,183716,0,0,0,0,0,0,0,0,0
166,靈魂之絆升級：瑪利雷斯,解鎖瘟疫設計者瑪利雷斯第3排的靈魂之絆特長。,解鎖瑪利雷斯的靈魂之絆特長,4,3,3684879,2,0,0,0,0,0,0,0,0,0,64508,0
167,靈魂之絆升級：瑪利雷斯,解鎖瘟疫設計者瑪利雷斯第4排的靈魂之絆特長。,解鎖瑪利雷斯的靈魂之絆特長,4,9,3684879,2,0,0,0,0,0,0,0,0,0,64508,0
168,靈魂之絆升級：瑪利雷斯,解鎖瘟疫設計者瑪利雷斯第5排的靈魂之絆特長。,解鎖瑪利雷斯的靈魂之絆特長,4,10,3684879,2,0,0,0,0,0,0,0,0,0,64508,0
169,靈魂之絆升級：瑪利雷斯,解鎖瘟疫設計者瑪利雷斯第6排的靈魂之絆特長。,解鎖瑪利雷斯的靈魂之絆特長,4,21,3684879,2,0,0,0,0,0,0,0,0,0,64508,0
170,靈魂之絆升級：瑪利雷斯,解鎖瘟疫設計者瑪利雷斯第7排的靈魂之絆特長。,解鎖瑪利雷斯的靈魂之絆特長,4,25,3684879,2,0,0,0,0,0,0,0,0,0,64508,0
172,靈魂之絆升級：艾曼妮,解鎖艾曼妮公主第4排的靈魂之絆特長。,解鎖艾曼妮的靈魂之絆特長,4,7,3684875,2,0,0,0,0,0,0,0,0,0,64508,0
173,靈魂之絆升級：艾曼妮,解鎖艾曼妮公主第5排的靈魂之絆特長。,解鎖艾曼妮的靈魂之絆特長,4,13,3684875,2,1,0,0,0,0,0,0,0,0,0,0
174,靈魂之絆升級：艾曼妮,解鎖艾曼妮公主第6排的靈魂之絆特長。,解鎖艾曼妮的靈魂之絆特長,4,18,3684875,2,0,0,0,0,0,0,0,0,0,64508,0
175,靈魂之絆升級：艾曼妮,解鎖艾曼妮公主第7排的靈魂之絆特長。,解鎖艾曼妮的靈魂之絆特長,4,28,3684875,2,0,0,0,0,0,0,0,0,0,64508,0
177,靈魂之絆升級：黑彌爾,解鎖骸骨工匠黑彌爾第7排的靈魂之絆特長。,解鎖黑彌爾的靈魂之絆特長,4,29,3684892,2,0,0,0,0,0,0,0,0,0,64508,0
183,世界任務獎勵,提高世界任務獎勵的物品等級。,提高世界任務物品等級上限,4,10,236668,0,1,0,0,0,0,0,0,0,0,63220,88686
186,世界任務獎勵,提高世界任務獎勵的物品等級。,提高世界任務物品等級上限,4,19,236668,0,1,0,0,0,0,0,0,0,0,63221,88687
193,,你可以和莫里克‧費德斯嘉交談以招募這位冒險者。,解鎖新的冒險者,4,4,0,0,0,0,0,0,0,0,0,1300,0,64508,0
194,,你可以和莫里克‧費德斯嘉交談以招募這位冒險者。,解鎖新的冒險者,4,12,0,0,0,0,0,0,0,0,0,1301,0,64508,0
195,,你可以和莫里克‧費德斯嘉交談以招募這位冒險者。,解鎖新的冒險者,4,17,0,0,1,0,0,0,0,0,0,1302,0,0,0
196,,你可以和莫里克‧費德斯嘉交談以招募這位冒險者。,解鎖新的冒險者,4,27,0,0,0,0,0,0,0,0,0,1303,0,64508,0
197,,你可以和莫里克‧費德斯嘉交談以招募這位冒險者。,解鎖新的冒險者,4,33,0,0,0,0,0,0,0,0,0,1304,0,64508,0
198,,你可以和莫里克‧費德斯嘉交談以招募這位冒險者。,解鎖新的冒險者,4,38,0,0,0,0,0,0,0,0,0,1305,0,64508,0
199,,這段取回的記憶將開放從名望軍需官購買。,解鎖新的取回的記憶,4,14,0,0,0,183249,0,0,0,0,0,0,0,64508,0
202,,,解鎖新的外觀,4,6,0,0,0,0,0,0,113745,0,0,0,0,64508,0
203,,,解鎖新的外觀,4,34,0,0,0,0,0,0,113749,0,0,0,0,0,0
204,,可向名望軍需官購買幻象：不滅決心。,解鎖幻象：不滅決心,4,36,0,0,0,0,0,0,0,0,0,0,70,64508,0
205,,可向名望軍需官購買死靈領主爐石玩具。,解鎖死靈領主爐石,4,11,0,0,1,182773,0,0,0,0,0,0,0,0,0
206,,可向名望軍需官領養吉勾。,解鎖寵物夥伴,4,27,0,0,1,183601,0,0,0,0,0,0,0,0,0
207,,可向名望軍需官購買這些外觀：|n- 手腕|n- 手|n- 腰部,解鎖新的外觀,4,16,0,0,1,0,0,0,0,2111,0,0,0,64508,0
208,,可向名望軍需官購買這些外觀：|n- 披風|n- 腿部|n- 腳,解鎖新的外觀,4,26,0,0,0,0,0,0,0,2112,0,0,0,64508,0
209,,可向名望軍需官購買這些外觀：|n- 頭部|n- 肩部|n- 胸部,解鎖新的外觀,4,32,0,0,1,0,0,0,0,2113,0,0,0,64508,0
210,,,解鎖坐騎,4,39,0,0,0,0,0,1369,0,0,0,0,0,62926,0
212,,,解鎖頭銜,4,40,3641396,1,0,0,0,0,0,0,679,0,0,0,88267
213,,,解鎖頭銜,4,40,3641396,1,0,0,0,0,0,0,680,0,0,64508,88266
216,,此坐騎將開放從名望軍需官購買。,解鎖新坐騎,3,23,0,0,0,0,0,1354,0,0,0,0,0,64508,0
225,琪瑞安戰役：鐘聲響起,你可以開始進行琪瑞安戰役的下一個章節。完成此章節可讓你和熔爐士米卡尼寇斯成為靈魂之絆。,解鎖新的戰役任務,1,22,1500886,1,0,0,0,0,0,0,0,0,0,64508,0
226,死靈領主戰役：襲擊祭儀家族,你可以開始進行死靈領主戰役的下一個章節。完成此章節可讓你和骸骨工匠黑彌爾成為靈魂之絆。,解鎖新的戰役任務,4,22,1500887,1,0,0,0,0,0,0,0,0,0,64508,0
227,汎希爾戰役：支配,你可以開始進行汎希爾戰役的下一個章節。完成此章節可讓你和德瑞文將軍成為靈魂之絆。,解鎖新的戰役任務,2,22,1500885,1,0,0,0,0,0,0,0,0,0,64508,0
228,,此坐騎將開放從名望軍需官購買。,解鎖新坐騎,1,23,0,0,0,0,0,1398,0,0,0,0,0,64508,0
229,,此坐騎將開放從名望軍需官購買。,解鎖新坐騎,4,23,0,0,0,0,0,1365,0,0,0,0,0,64508,0
230,,此坐騎將開放從名望軍需官購買。,解鎖新坐騎,2,23,0,0,0,0,0,1384,0,0,0,0,0,64508,0
231,,可向名望軍需官購買這些外觀：|n- 手腕|n- 手|n- 腰部,解鎖新的外觀,4,16,0,0,1,0,0,0,0,2114,0,0,0,0,0
232,,可向名望軍需官購買這些外觀：|n- 手腕|n- 手|n- 腰部,解鎖新的外觀,4,16,0,0,1,0,0,0,0,2117,0,0,0,0,0
233,,可向名望軍需官購買這些外觀：|n- 手腕|n- 手|n- 腰部,解鎖新的外觀,4,16,0,0,1,0,0,0,0,2120,0,0,0,0,0
234,,可向名望軍需官購買這些外觀：|n- 手腕|n- 手|n- 腰部,解鎖新的外觀,3,16,0,0,1,0,0,0,0,2090,0,0,0,0,0
235,,可向名望軍需官購買這些外觀：|n- 手腕|n- 手|n- 腰部,解鎖新的外觀,3,16,0,0,1,0,0,0,0,2093,0,0,0,0,0
236,,可向名望軍需官購買這些外觀：|n- 手腕|n- 手|n- 腰部,解鎖新的外觀,3,16,0,0,1,0,0,0,0,2096,0,0,0,0,0
237,,你與暗夜妖精的連結強化了，移動速度提高1%。,提高移動速度,3,2,0,0,0,0,344052,0,0,0,0,0,0,62745,0
238,,你與暗夜妖精的連結強化了，移動速度提高1%。,提高移動速度,3,19,0,0,0,0,344053,0,0,0,0,0,0,62746,0
239,,你與暗夜妖精的連結強化了，移動速度提高1%。,提高移動速度,3,35,0,0,0,0,344057,0,0,0,0,0,0,62747,0
240,,你與死靈領主的連結強化了，移動速度提高1%。,提高移動速度,4,2,0,0,0,0,344076,0,0,0,0,0,0,62752,0
241,,你與死靈領主的連結強化了，移動速度提高1%。,提高移動速度,4,19,0,0,0,0,344077,0,0,0,0,0,0,62753,0
242,,你與死靈領主的連結強化了，移動速度提高1%。,提高移動速度,4,35,0,0,0,0,344078,0,0,0,0,0,0,62754,0
243,,你與汎希爾的連結強化了，移動速度提高1%。,提高移動速度,2,2,0,0,0,0,344068,0,0,0,0,0,0,62749,0
244,,你與汎希爾的連結強化了，移動速度提高1%。,提高移動速度,2,19,0,0,0,0,344069,0,0,0,0,0,0,62750,0
245,,你與汎希爾的連結強化了，移動速度提高1%。,提高移動速度,2,35,0,0,0,0,344070,0,0,0,0,0,0,62751,0
246,,你與琪瑞安的連結強化了，移動速度提高1%。,提高移動速度,1,2,0,0,0,0,344087,0,0,0,0,0,0,62755,0
247,,你與琪瑞安的連結強化了，移動速度提高1%。,提高移動速度,1,19,0,0,0,0,344089,0,0,0,0,0,0,62756,0
248,,你與琪瑞安的連結強化了，移動速度提高1%。,提高移動速度,1,35,0,0,0,0,344091,0,0,0,0,0,0,62757,0
250,,可向名望軍需官購買這些外觀：|n- 披風|n- 腿部|n- 腳,解鎖新的外觀,3,26,0,0,0,0,0,0,0,2091,0,0,0,0,0
251,,可向名望軍需官購買這些外觀：|n- 披風|n- 腿部|n- 腳,解鎖新的外觀,3,26,0,0,0,0,0,0,0,2094,0,0,0,0,0
252,,可向名望軍需官購買這些外觀：|n- 披風|n- 腿部|n- 腳,解鎖新的外觀,3,26,0,0,0,0,0,0,0,2097,0,0,0,0,0
253,,可向名望軍需官購買這些外觀：|n- 頭部|n- 肩部|n- 胸部,解鎖新的外觀,3,32,0,0,1,0,0,0,0,2092,0,0,0,0,0
254,,可向名望軍需官購買這些外觀：|n- 頭部|n- 肩部|n- 胸部,解鎖新的外觀,3,32,0,0,1,0,0,0,0,2095,0,0,0,0,0
255,,可向名望軍需官購買這些外觀：|n- 頭部|n- 肩部|n- 胸部,解鎖新的外觀,3,32,0,0,1,0,0,0,0,2098,0,0,0,0,0
256,,可向名望軍需官購買這些外觀：|n- 披風|n- 腿部|n- 腳,解鎖新的外觀,4,26,0,0,0,0,0,0,0,2115,0,0,0,0,0
257,,可向名望軍需官購買這些外觀：|n- 披風|n- 腿部|n- 腳,解鎖新的外觀,4,26,0,0,0,0,0,0,0,2118,0,0,0,0,0
258,,可向名望軍需官購買這些外觀：|n- 披風|n- 腿部|n- 腳,解鎖新的外觀,4,26,0,0,0,0,0,0,0,2121,0,0,0,0,0
259,,可向名望軍需官購買這些外觀：|n- 頭部|n- 肩部|n- 胸部,解鎖新的外觀,4,32,0,0,1,0,0,0,0,2116,0,0,0,0,0
260,,可向名望軍需官購買這些外觀：|n- 頭部|n- 肩部|n- 胸部,解鎖新的外觀,4,32,0,0,1,0,0,0,0,2119,0,0,0,0,0
261,,可向名望軍需官購買這些外觀：|n- 頭部|n- 肩部|n- 胸部,解鎖新的外觀,4,32,0,0,1,0,0,0,0,2122,0,0,0,0,0
262,,可向名望軍需官購買這些外觀：|n- 手腕|n- 手|n- 腰部,解鎖新的外觀,2,16,0,0,1,0,0,0,0,2102,0,0,0,0,0
263,,可向名望軍需官購買這些外觀：|n- 手腕|n- 手|n- 腰部,解鎖新的外觀,2,16,0,0,1,0,0,0,0,2105,0,0,0,0,0
264,,可向名望軍需官購買這些外觀：|n- 手腕|n- 手|n- 腰部,解鎖新的外觀,2,16,0,0,1,0,0,0,0,2108,0,0,0,0,0
265,,可向名望軍需官購買這些外觀：|n- 披風|n- 腿部|n- 腳,解鎖新的外觀,2,26,0,0,0,0,0,0,0,2103,0,0,0,0,0
266,,可向名望軍需官購買這些外觀：|n- 披風|n- 腿部|n- 腳,解鎖新的外觀,2,26,0,0,0,0,0,0,0,2106,0,0,0,0,0
267,,可向名望軍需官購買這些外觀：|n- 披風|n- 腿部|n- 腳,解鎖新的外觀,2,26,0,0,0,0,0,0,0,2109,0,0,0,0,0
268,,可向名望軍需官購買這些外觀：|n- 頭部|n- 肩部|n- 胸部,解鎖新的外觀,2,32,0,0,1,0,0,0,0,2104,0,0,0,0,0
269,,可向名望軍需官購買這些外觀：|n- 頭部|n- 肩部|n- 胸部,解鎖新的外觀,2,32,0,0,1,0,0,0,0,2107,0,0,0,0,0
270,,可向名望軍需官購買這些外觀：|n- 頭部|n- 肩部|n- 胸部,解鎖新的外觀,2,32,0,0,1,0,0,0,0,2110,0,0,0,0,0
271,,可向名望軍需官購買這些外觀：|n- 手腕|n- 手|n- 腰部,解鎖新的外觀,1,16,0,0,1,0,0,0,0,2127,0,0,0,0,0
272,,可向名望軍需官購買這些外觀：|n- 手腕|n- 手|n- 腰部,解鎖新的外觀,1,16,0,0,1,0,0,0,0,2130,0,0,0,0,0
273,,可向名望軍需官購買這些外觀：|n- 手腕|n- 手|n- 腰部,解鎖新的外觀,1,16,0,0,1,0,0,0,0,2133,0,0,0,0,0
274,,可向名望軍需官購買這些外觀：|n- 披風|n- 腿部|n- 腳,解鎖新的外觀,1,26,0,0,0,0,0,0,0,2128,0,0,0,0,0
275,,可向名望軍需官購買這些外觀：|n- 披風|n- 腿部|n- 腳,解鎖新的外觀,1,26,0,0,0,0,0,0,0,2131,0,0,0,0,0
276,,可向名望軍需官購買這些外觀：|n- 披風|n- 腿部|n- 腳,解鎖新的外觀,1,26,0,0,0,0,0,0,0,2134,0,0,0,0,0
277,,可向名望軍需官購買這些外觀：|n- 頭部|n- 肩部|n- 胸部,解鎖新的外觀,1,32,0,0,1,0,0,0,0,2129,0,0,0,0,0
278,,可向名望軍需官購買這些外觀：|n- 頭部|n- 肩部|n- 胸部,解鎖新的外觀,1,32,0,0,1,0,0,0,0,2132,0,0,0,0,0
279,,可向名望軍需官購買這些外觀：|n- 頭部|n- 肩部|n- 胸部,解鎖新的外觀,1,32,0,0,1,0,0,0,0,2135,0,0,0,0,0
280,靈魄容器,殘存的林地看管者背包為數不多，這是其中的兩個，裡面的種子含有500個靈魄，謹慎使用以幫助誓盟度過艱難的時刻。,靈魄容器,3,15,133651,0,0,188000,0,0,0,0,0,0,0,65111,0
281,靈魄容器,殘存的林地看管者背包為數不多，這是其中的兩個，裡面的種子含有500個靈魄，謹慎使用以幫助誓盟度過艱難的時刻。,靈魄容器,3,24,133651,0,0,188000,0,0,0,0,0,0,0,65112,0
283,靈魄容器,這些是被注入500個靈魄的崇高刀刃，現在交付給你，在艱難的時刻得以幫助誓盟。,靈魄容器,1,15,135376,0,0,188005,0,0,0,0,0,0,0,65107,0
284,靈魄容器,這些是被注入500個靈魄的崇高刀刃，現在交付給你，在艱難的時刻得以幫助誓盟。,靈魄容器,1,24,135376,0,0,188005,0,0,0,0,0,0,0,65108,0
286,靈魄容器,為縫合作坊製作的物品，內有500個靈魄，可在紛亂時刻促進誓盟的發展。,靈魄容器,4,15,915852,0,0,188004,0,0,0,0,0,0,0,65109,0
287,靈魄容器,為縫合作坊製作的物品，內有500個靈魄，可在紛亂時刻促進誓盟的發展。,靈魄容器,4,24,915852,0,0,188004,0,0,0,0,0,0,0,65110,0
289,靈魄容器,從戴納瑟斯的私人庫存走私來的，這些箱子裡裝有500瓶靈魄，可用來提升誓盟為之後的戰鬥做準備。,靈魄容器,2,15,1542854,0,0,188003,0,0,0,0,0,0,0,65113,0
290,靈魄容器,從戴納瑟斯的私人庫存走私來的，這些箱子裡裝有500瓶靈魄，可用來提升誓盟為之後的戰鬥做準備。,靈魄容器,2,24,1542854,0,0,188003,0,0,0,0,0,0,0,65114,0
292,琪瑞安戰役：晉升試煉,解鎖琪瑞安戰役的下一章。,解鎖新的戰役任務,1,5,1500886,0,0,0,0,0,0,0,0,0,0,64508,0
293,琪瑞安戰役：斐斯托斯，紀元創生者,解鎖琪瑞安戰役的下一章。,解鎖新的戰役任務,1,8,1500886,0,0,0,0,0,0,0,0,0,0,64508,0
294,琪瑞安戰役：正義懲戒,解鎖琪瑞安戰役的下一章。,解鎖新的戰役任務,1,11,1500886,0,0,0,0,0,0,0,0,0,0,64508,0
295,琪瑞安戰役：悔悟徽印,解鎖琪瑞安戰役的下一章。,解鎖新的戰役任務,1,13,1500886,0,0,0,0,0,0,0,0,0,0,64508,0
296,琪瑞安戰役：亞登曠野容器,解鎖琪瑞安戰役的下一章。,解鎖新的戰役任務,1,17,1500886,0,0,0,0,0,0,0,0,0,0,64508,0
297,琪瑞安戰役：步步逼近,解鎖琪瑞安戰役的下一章。,解鎖新的戰役任務,1,20,1500886,0,0,0,0,0,0,0,0,0,0,64508,0
298,死靈領主戰役：蛛眼家族,解鎖死靈領主戰役的下一章。,解鎖新的戰役任務,4,5,1500887,0,0,0,0,0,0,0,0,0,0,64508,0
299,死靈領主戰役：亡城大劫案,解鎖死靈領主戰役的下一章。,解鎖新的戰役任務,4,8,1500887,0,0,0,0,0,0,0,0,0,0,64508,0
300,死靈領主戰役：請別忘記,解鎖死靈領主戰役的下一章。,解鎖新的戰役任務,4,11,1500887,0,0,0,0,0,0,0,0,0,0,64508,0
301,死靈領主戰役：黃金黎明,解鎖死靈領主戰役的下一章。,解鎖新的戰役任務,4,13,1500887,0,0,0,0,0,0,0,0,0,0,64508,0
302,死靈領主戰役：罪惡的代價,解鎖死靈領主戰役的下一章。,解鎖新的戰役任務,4,17,1500887,0,0,0,0,0,0,0,0,0,0,64508,0
303,死靈領主戰役：祭儀家族,解鎖死靈領主戰役的下一章。,解鎖新的戰役任務,4,20,1500887,0,0,0,0,0,0,0,0,0,0,64508,0
304,暗夜妖精戰役：黑夜戰士的女兒,解鎖暗夜妖精戰役的下一章。,解鎖新的戰役任務,3,5,1500884,0,0,0,0,0,0,0,0,0,0,64508,0
305,暗夜妖精戰役：幕後老大,解鎖暗夜妖精戰役的下一章。,解鎖新的戰役任務,3,8,1500884,0,0,0,0,0,0,0,0,0,0,64508,0
306,暗夜妖精戰役：黑夜戰士的詛咒,解鎖暗夜妖精戰役的下一章。,解鎖新的戰役任務,3,11,1500884,0,0,0,0,0,0,0,0,0,0,64508,0
307,暗夜妖精戰役：佐司特的塵土,解鎖暗夜妖精戰役的下一章。,解鎖新的戰役任務,3,13,1500884,0,0,0,0,0,0,0,0,0,0,64508,0
308,暗夜妖精戰役：犄角獵人,解鎖暗夜妖精戰役的下一章。,解鎖新的戰役任務,3,17,1500884,0,0,0,0,0,0,0,0,0,0,64508,0
309,暗夜妖精戰役：羅亞的交易,解鎖暗夜妖精戰役的下一章。,解鎖新的戰役任務,3,20,1500884,0,0,0,0,0,0,0,0,0,0,64508,0
310,汎希爾戰役：收割者廷衛,解鎖汎希爾戰役的下一章。,解鎖新的戰役任務,2,5,1500885,0,0,0,0,0,0,0,0,0,0,64508,0
311,汎希爾戰役：慾望,解鎖汎希爾戰役的下一章。,解鎖新的戰役任務,2,8,1500885,0,0,0,0,0,0,0,0,0,0,64508,0
312,汎希爾戰役：貪婪,解鎖汎希爾戰役的下一章。,解鎖新的戰役任務,2,11,1500885,0,0,0,0,0,0,0,0,0,0,64508,0
313,汎希爾戰役：王子加冕,解鎖汎希爾戰役的下一章。,解鎖新的戰役任務,2,13,1500885,2,0,0,0,0,0,0,0,0,0,64508,0
314,汎希爾戰役：面對罪行,解鎖汎希爾戰役的下一章。,解鎖新的戰役任務,2,17,1500885,0,0,0,0,0,0,0,0,0,0,64508,0
315,汎希爾戰役：嫉妒,解鎖汎希爾戰役的下一章。,解鎖新的戰役任務,2,20,1500885,0,0,0,0,0,0,0,0,0,0,64508,0
316,尚未發現的冒險者,完成昇靈堡故事線「驕傲的野獸或精密的機械」，招募新的冒險者。,解鎖新的冒險者,1,4,3716926,0,0,0,0,0,0,0,0,0,0,64508,87733
317,暗夜侍臣武裝,可向名望軍需官購買武器外觀。,解鎖新的外觀,3,37,3509629,0,0,0,0,0,0,0,0,0,0,64508,0
318,統御者武裝,可向名望軍需官購買武器外觀。,解鎖新的外觀,4,37,3384463,0,0,0,0,0,0,0,0,0,0,64508,0
319,樂土武裝,可向名望軍需官購買武器外觀。,解鎖新的外觀,1,37,3204712,0,0,0,0,0,0,0,0,0,0,64508,0
320,罪殞武裝,可向名望軍需官購買武器外觀。,解鎖新的外觀,2,37,3188648,0,0,0,0,0,0,0,0,0,0,64508,0
321,琪瑞安的一員,加入昇靈堡的琪瑞安，開始進行誓盟戰役。,,1,1,3641395,0,0,0,0,0,0,0,0,0,0,64508,0
322,為了女王和林地！,加入亞登曠野的暗夜妖精，開始進行誓盟戰役。,,3,1,3641394,0,0,0,0,0,0,0,0,0,0,64508,0
323,效忠統御者,加入瑪卓薩斯的死靈領主，開始進行誓盟戰役。,,4,1,3641396,0,0,0,0,0,0,0,0,0,0,64508,0
324,罪殞城,加入瑞文崔斯的汎希爾，開始進行誓盟戰役。,,2,1,3641397,0,0,0,0,0,0,0,0,0,0,64508,0
325,靈魂之絆升級：佩拉苟斯,解鎖佩拉苟斯第八排的靈魂之絆特長。,解鎖佩拉苟斯的靈魂之絆特長,1,30,3684898,2,0,0,0,0,0,0,0,0,0,64508,0
326,靈魂之絆升級：克蕾雅,解鎖克蕾雅第八排的靈魂之絆特長。,解鎖克蕾雅的靈魂之絆特長,1,34,3684897,2,0,0,0,0,0,0,0,0,0,64508,0
327,靈魂之絆升級：米卡尼寇斯,解鎖米卡尼寇斯第八排的靈魂之絆特長。,解鎖米卡尼寇斯的靈魂之絆特長,1,31,3684894,2,0,0,0,0,0,0,0,0,0,64508,0
328,靈魂之絆升級：瑪利雷斯,解鎖瘟疫設計者瑪利雷斯第八排的靈魂之絆特長。,解鎖瑪利雷斯的靈魂之絆特長,4,30,3684879,2,0,0,0,0,0,0,0,0,0,64508,0
329,靈魂之絆升級：艾曼妮,解鎖艾曼妮公主第八排的靈魂之絆特長。,解鎖艾曼妮的靈魂之絆特長,4,34,3684875,2,0,0,0,0,0,0,0,0,0,64508,0
330,靈魂之絆升級：黑彌爾,解鎖骸骨工匠黑彌爾第八排的靈魂之絆特長。,解鎖黑彌爾的靈魂之絆特長,4,31,3684892,2,0,0,0,0,0,0,0,0,0,64508,0
331,靈魂之絆升級：妮亞,解鎖妮亞最後一排的靈魂之絆特長。,解鎖妮亞的靈魂之絆特長,3,30,3684884,2,0,0,0,0,0,0,0,0,0,64508,0
332,靈魂之絆升級：克芮恩,解鎖克芮恩最後一排的靈魂之絆特長。,解鎖克芮恩的靈魂之絆特長,3,31,3684885,2,0,0,0,0,0,0,0,0,0,64508,0
333,靈魂之絆升級：織夢者,解鎖織夢者最後一排的靈魂之絆特長。,解鎖織夢者的靈魂之絆特長,3,34,3684882,2,0,0,0,0,0,0,0,0,0,64508,0
334,靈魂之絆升級：娜迪亞,解鎖娜迪亞第八排的靈魂之絆特長。,解鎖娜迪亞的靈魂之絆特長,2,30,3485243,2,0,0,0,0,0,0,0,0,0,64508,0
335,靈魂之絆升級：希奧塔,解鎖希奧塔第八排的靈魂之絆特長。,解鎖希奧塔的靈魂之絆特長,2,34,3485244,2,0,0,0,0,0,0,0,0,0,64508,0
336,靈魂之絆升級：德瑞文,解鎖德瑞文將軍第八排的靈魂之絆特長。,解鎖德瑞文的靈魂之絆特長,2,31,3485245,2,0,0,0,0,0,0,0,0,0,64508,0
337,世界任務獎勵,提高世界任務獎勵的物品等級。,提高世界任務物品等級上限,1,29,236668,0,1,0,0,0,0,0,0,0,0,63350,88828
338,世界任務獎勵,提高世界任務獎勵的物品等級。,提高世界任務物品等級上限,4,29,236668,0,1,0,0,0,0,0,0,0,0,63350,88828
339,世界任務獎勵,提高世界任務獎勵的物品等級。,提高世界任務物品等級上限,3,29,236668,0,1,0,0,0,0,0,0,0,0,63350,88828
340,世界任務獎勵,提高世界任務獎勵的物品等級。,提高世界任務物品等級上限,2,29,236668,0,1,0,0,0,0,0,0,0,0,63350,88828
342,靈魂之絆升級：克芮恩,解鎖克芮恩第九排的靈魂之絆特長。,解鎖克芮恩的靈魂之絆特長,3,41,3684885,2,0,0,0,0,0,0,0,0,0,64508,0
343,靈魂之絆升級：織夢者,解鎖織夢者第九排的靈魂之絆特長。,解鎖織夢者的靈魂之絆特長,3,42,3684882,2,0,0,0,0,0,0,0,0,0,64508,0
344,精英世界任務靈魄獎勵,從精英世界任務獎勵中所獲得的靈魄數量提高。,精英世界任務靈魄獎勵提高,3,47,3528279,2,1,0,0,0,0,0,0,0,0,64073,91036
345,靈魂之絆升級：妮亞,解鎖妮亞第九排的靈魂之絆特長。,解鎖妮亞的靈魂之絆特長,3,43,3684884,2,0,0,0,0,0,0,0,0,0,64508,0
346,,你可以和看守者鐘花交談以招募這位冒險者。,可以招募新的冒險者,3,44,0,0,1,0,0,0,0,0,0,1337,0,0,0
347,統御之鏈：最後的符印,解鎖統御之鏈戰役的下一章。,解鎖新的戰役任務,3,44,1500884,0,0,0,0,0,0,0,0,0,0,64508,0
349,,,獲得飛行坐騎,3,45,0,0,1,0,0,1484,0,0,0,0,0,64074,0
350,靈魂之絆升級：織夢者,解鎖織夢者第十排的靈魂之絆特長。,解鎖織夢者的靈魂之絆特長,3,45,3684882,2,0,0,0,0,0,0,0,0,0,64508,0
351,世界任務獎勵,提高世界任務獎勵的物品等級。,提高世界任務物品等級上限,3,46,236668,0,1,0,0,0,0,0,0,0,0,64067,91039
352,靈魂之絆升級：妮亞,解鎖妮亞第十排的靈魂之絆特長。,解鎖妮亞的靈魂之絆特長,3,46,3684884,2,0,0,0,0,0,0,0,0,0,64508,0
353,統御之鏈：鋼鐵與骸骨軍團,解鎖統御之鏈戰役的下一章。,解鎖新的戰役任務,3,47,1500884,0,0,0,0,0,0,0,0,0,0,64508,0
354,靈魂之絆升級：克芮恩,解鎖克芮恩第十排的靈魂之絆特長。,解鎖克芮恩的靈魂之絆特長,3,48,3684885,2,0,0,0,0,0,0,0,0,0,64508,0
355,,,取得一根小冬杖,3,56,0,0,1,186473,0,0,0,0,0,0,0,64079,0
356,靈魂之絆升級：織夢者,解鎖織夢者第十一排的靈魂之絆特長。,解鎖織夢者的靈魂之絆特長,3,49,3684882,2,0,0,0,0,0,0,0,0,0,64508,0
357,統御之鏈：無形訪客,解鎖統御之鏈戰役的下一章。,解鎖新的戰役任務,3,50,1500884,0,0,0,0,0,0,0,0,0,0,64508,0
358,靈魂之絆升級：妮亞,解鎖妮亞第十一排的靈魂之絆特長。,解鎖妮亞的靈魂之絆特長,3,51,3684884,2,0,0,0,0,0,0,0,0,0,64508,0
359,統御之鏈：黑夜之力,解鎖統御之鏈戰役的下一章。,解鎖新的戰役任務,3,52,1500884,0,0,0,0,0,0,0,0,0,0,64508,0
360,,你會獲得記憶幽光，可以用來賦予一位冒險者大量經驗值。,獲得記憶幽光,3,52,0,0,1,186472,0,0,0,0,0,0,0,64449,0
361,靈魂之絆升級：克芮恩,解鎖克芮恩第十一排的靈魂之絆特長。,解鎖克芮恩的靈魂之絆特長,3,53,3684885,2,0,0,0,0,0,0,0,0,0,64508,0
362,靈魂之絆升級：織夢者,解鎖織夢者第十二排的靈魂之絆特長。,解鎖織夢者的靈魂之絆特長,3,54,3684882,2,0,0,0,0,0,0,0,0,0,64508,0
363,靈魂之絆升級：妮亞,解鎖妮亞第十二排的靈魂之絆特長。,解鎖妮亞的靈魂之絆特長,3,55,3684884,2,0,0,0,0,0,0,0,0,0,64508,0
364,統御之鏈：全新的道路,解鎖統御之鏈戰役的下一章。,解鎖新的戰役任務,3,56,1500884,0,0,0,0,0,0,0,0,0,0,64508,0
365,,你與暗夜妖精的連結強化了，移動速度提高1%。,提高移動速度,3,50,0,0,1,0,353870,0,0,0,0,0,0,64081,0
366,靈魂之絆升級：克芮恩,解鎖克芮恩最後一排的靈魂之絆特長。,解鎖克芮恩的靈魂之絆特長,3,57,3684885,2,0,0,0,0,0,0,0,0,0,64508,0
367,,你可以和看守者鐘花交談以招募這位冒險者。,可以招募新的冒險者,3,62,0,0,1,0,0,0,0,0,0,1338,0,0,0
368,奧睿博司任務靈魄獎勵,從每週地城任務與奧睿博司PvP任務獎勵中所獲得的靈魄數量提高。,每週地城與PvP任務靈魄獎勵提高,3,73,3528279,0,1,0,0,0,0,0,0,0,0,64082,91042
369,統御之鏈：前往何方,解鎖統御之鏈戰役的最後章節。,解鎖新的戰役任務,3,58,1500884,1,0,0,0,0,0,0,0,0,0,64508,0
370,靈魂之絆升級：織夢者,織夢者的第1排靈印受到強化。,織夢者靈印排受到強化,3,61,3684882,2,0,0,0,0,0,0,0,0,0,64508,0
371,無積分PvP裝備物品等級,你和暗夜妖精持續獲得佐商集團的賞識，讓你可進一步將第2季無積分PVP裝備升級至等級7。,可提高非積分PvP物品等級上限,3,59,1713483,0,1,0,0,0,0,0,0,0,0,64508,91048
372,靈魂之絆升級：克芮恩,克芮恩的第1排靈印受到強化。,克芮恩靈印排受到強化,3,62,3684885,2,0,0,0,0,0,0,0,0,0,64508,0
373,靈魂之絆升級：妮亞,妮亞的第1排靈印受到強化。,妮亞靈印排受到強化,3,63,3684884,2,0,0,0,0,0,0,0,0,0,64508,0
374,靈魂之絆升級：織夢者,織夢者的第2排靈印受到強化。,織夢者靈印排受到強化,3,64,3684882,2,0,0,0,0,0,0,0,0,0,64508,0
375,靈魂之絆升級：克芮恩,克芮恩的第2排靈印受到強化。,克芮恩靈印排受到強化,3,65,3684885,2,0,0,0,0,0,0,0,0,0,64508,0
376,世界任務獎勵,提高世界任務獎勵的物品等級。,提高世界任務物品等級上限,3,61,236668,0,1,0,0,0,0,0,0,0,0,64068,91050
377,靈魂之絆升級：妮亞,妮亞的第2排靈印受到強化。,妮亞靈印排受到強化,3,66,3684884,2,0,0,0,0,0,0,0,0,0,64508,0
378,靈魂之絆升級：織夢者,織夢者的第3排靈印受到強化。,織夢者靈印排受到強化,3,67,3684882,2,0,0,0,0,0,0,0,0,0,64508,0
379,,你會獲得記憶幽光，可以用來賦予一位冒險者大量經驗值。,獲得記憶幽光,3,67,0,0,1,186472,0,0,0,0,0,0,0,64450,0
380,靈魂之絆升級：妮亞,妮亞的第3排靈印受到強化。,妮亞靈印排受到強化,3,68,3684884,2,0,0,0,0,0,0,0,0,0,64508,0
381,靈魂之絆升級：克芮恩,克芮恩的第3排靈印受到強化。,克芮恩靈印排受到強化,3,69,3684885,2,0,0,0,0,0,0,0,0,0,64508,0
382,靈魂之絆升級：織夢者,織夢者的第4排靈印受到強化。,織夢者靈印排受到強化,3,70,3684882,2,0,0,0,0,0,0,0,0,0,64508,0
383,靈魂之絆升級：克芮恩,克芮恩的第4排靈印受到強化。,克芮恩靈印排受到強化,3,71,3684885,2,0,0,0,0,0,0,0,0,0,64508,0
384,,你可以和看守者鐘花交談以招募這位冒險者。,可以招募新的冒險者,3,71,0,0,1,0,0,0,0,0,0,1339,0,0,0
385,靈魂之絆升級：妮亞,妮亞的第4排靈印受到強化。,妮亞靈印排受到強化,3,72,3684884,2,0,0,0,0,0,0,0,0,0,64508,0
386,靈魂之絆升級：妮亞,妮亞的第5排靈印受到強化。,妮亞靈印排受到強化,3,73,3684884,2,0,0,0,0,0,0,0,0,0,64508,0
387,,你與暗夜妖精的連結強化了，移動速度提高1%。,提高移動速度,3,59,0,0,1,0,353886,0,0,0,0,0,0,64088,0
388,靈魂之絆升級：克芮恩,克芮恩的第5排靈印受到強化。,克芮恩靈印排受到強化,3,74,3684885,2,0,0,0,0,0,0,0,0,0,64508,0
389,靈魂之絆升級：織夢者,織夢者的第5排靈印受到強化。,織夢者靈印排受到強化,3,75,3684882,2,0,0,0,0,0,0,0,0,0,64508,0
390,,你會獲得記憶幽光，可以用來賦予一位冒險者大量經驗值。,獲得記憶幽光,3,76,0,0,0,186472,0,0,0,0,0,0,0,64451,0
391,靈魂之絆升級：克芮恩,克芮恩的第6排靈印受到強化。,克芮恩靈印排受到強化,3,77,3684885,2,0,0,0,0,0,0,0,0,0,64508,0
392,靈魂之絆升級：妮亞,妮亞的第6排靈印受到強化。,妮亞靈印排受到強化,3,78,3684884,2,0,0,0,0,0,0,0,0,0,64508,0
393,靈魂之絆升級：織夢者,織夢者的第6排靈印受到強化。,織夢者靈印排受到強化,3,79,3684882,2,0,0,0,0,0,0,0,0,0,64508,0
394,,,解鎖頭銜,3,80,3641394,1,0,0,0,0,0,0,699,0,0,64508,0
395,靈魂之絆升級：黑彌爾,解鎖骸骨工匠黑彌爾第九排的靈魂之絆特長。,解鎖黑彌爾的靈魂之絆特長,4,41,3684892,2,0,0,0,0,0,0,0,0,0,64508,0
396,靈魂之絆升級：艾曼妮,解鎖艾曼妮第九排的靈魂之絆特長。,解鎖艾曼妮的靈魂之絆特長,4,42,3684875,2,0,0,0,0,0,0,0,0,0,64508,0
397,精英世界任務靈魄獎勵,從精英世界任務獎勵中所獲得的靈魄數量提高。,精英世界任務靈魄獎勵提高,4,47,3528295,2,1,0,0,0,0,0,0,0,0,64073,91036
398,,與莫里克‧費德斯嘉交談以招募這名冒險者。,可以招募新的冒險者,4,44,0,0,1,0,0,0,0,0,0,1334,0,0,0
399,靈魂之絆升級：瑪利雷斯,解鎖瘟疫設計者瑪利雷斯第九排的靈魂之絆特長。,解鎖瑪利雷斯的靈魂之絆特長,4,43,3684879,2,0,0,0,0,0,0,0,0,0,64508,0
400,統御之鏈：最後的符印,解鎖統御之鏈戰役的下一章。,解鎖新的戰役任務,4,44,1500884,0,0,0,0,0,0,0,0,0,0,64508,0
401,,,獲得飛行坐騎,4,45,0,0,1,0,0,1495,0,0,0,0,0,64097,0
402,靈魂之絆升級：艾曼妮,解鎖艾曼妮第十排的靈魂之絆特長。,解鎖艾曼妮的靈魂之絆特長,4,45,3684875,2,0,0,0,0,0,0,0,0,0,64508,0
403,世界任務獎勵,提高世界任務獎勵的物品等級。,提高世界任務物品等級上限,4,46,236668,0,1,0,0,0,0,0,0,0,0,64067,91039
404,靈魂之絆升級：瑪利雷斯,解鎖瘟疫設計者瑪利雷斯第十排的靈魂之絆特長。,解鎖瑪利雷斯的靈魂之絆特長,4,46,3684879,2,0,0,0,0,0,0,0,0,0,64508,0
405,統御之鏈：鋼鐵與骸骨軍團,解鎖統御之鏈戰役的下一章。,解鎖新的戰役任務,4,47,1500884,0,0,0,0,0,0,0,0,0,0,64508,0
406,靈魂之絆升級：黑彌爾,解鎖骸骨工匠黑彌爾第十排的靈魂之絆特長。,解鎖黑彌爾的靈魂之絆特長,4,48,3684892,2,0,0,0,0,0,0,0,0,0,64508,0
407,,,取得一小瓶軟泥,4,56,0,0,1,186524,0,0,0,0,0,0,0,64099,0
408,靈魂之絆升級：艾曼妮,解鎖艾曼妮第十一排的靈魂之絆特長。,解鎖艾曼妮的靈魂之絆特長,4,49,3684875,2,0,0,0,0,0,0,0,0,0,64508,0
409,統御之鏈：無形訪客,解鎖統御之鏈戰役的下一章。,解鎖新的戰役任務,4,50,1500884,0,0,0,0,0,0,0,0,0,0,64508,0
410,靈魂之絆升級：瑪利雷斯,解鎖瘟疫設計者瑪利雷斯第十一排的靈魂之絆特長。,解鎖瑪利雷斯的靈魂之絆特長,4,51,3684879,2,0,0,0,0,0,0,0,0,0,64508,0
411,統御之鏈：黑夜之力,解鎖統御之鏈戰役的下一章。,解鎖新的戰役任務,4,52,1500884,0,0,0,0,0,0,0,0,0,0,64508,0
412,,你會獲得記憶幽光，可以用來賦予一位冒險者大量經驗值。,獲得記憶幽光,4,52,0,0,1,186472,0,0,0,0,0,0,0,64446,0
413,靈魂之絆升級：黑彌爾,解鎖骸骨工匠黑彌爾第十一排的靈魂之絆特長。,解鎖黑彌爾的靈魂之絆特長,4,53,3684892,2,0,0,0,0,0,0,0,0,0,64508,0
414,靈魂之絆升級：艾曼妮,解鎖艾曼妮第十二排的靈魂之絆特長。,解鎖艾曼妮的靈魂之絆特長,4,54,3684875,2,0,0,0,0,0,0,0,0,0,64508,0
415,靈魂之絆升級：瑪利雷斯,解鎖瘟疫設計者瑪利雷斯第十二排的靈魂之絆特長。,解鎖瑪利雷斯的靈魂之絆特長,4,55,3684879,2,0,0,0,0,0,0,0,0,0,64508,0
416,統御之鏈：全新的道路,解鎖統御之鏈戰役的下一章。,解鎖新的戰役任務,4,56,1500884,0,0,0,0,0,0,0,0,0,0,64508,0
417,靈魂之絆升級：黑彌爾,解鎖骸骨工匠黑彌爾第十二排的靈魂之絆特長。,解鎖黑彌爾的靈魂之絆特長,4,57,3684892,2,0,0,0,0,0,0,0,0,0,64508,0
418,奧睿博司任務靈魄獎勵,從每週地城任務與奧睿博司PvP任務獎勵中所獲得的靈魄數量提高。,每週地城與PvP任務靈魄獎勵提高,4,73,3528295,0,1,0,0,0,0,0,0,0,0,64082,91042
419,,與莫里克‧費德斯嘉交談以招募這名冒險者。,可以招募新的冒險者,4,62,0,0,1,0,0,0,0,0,0,1335,0,0,0
420,統御之鏈：前往何方,解鎖統御之鏈戰役的最後章節。,解鎖新的戰役任務,4,58,1500884,1,0,0,0,0,0,0,0,0,0,64508,0
421,,你與死靈領主的連結強化了，移動速度提高1%。,提高移動速度,4,50,0,0,1,0,354025,0,0,0,0,0,0,64100,0
422,靈魂之絆升級：艾曼妮,艾曼妮的第1排靈印受到強化。,解鎖艾曼妮的靈魂之絆特長,4,61,3684875,2,0,0,0,0,0,0,0,0,0,64508,0
423,無積分PvP裝備物品等級,你和暗夜妖精持續獲得佐商集團的賞識，讓你可進一步將第2季無積分PVP裝備升級至等級7。,可提高非積分PvP物品等級上限,4,59,1713483,0,1,0,0,0,0,0,0,0,0,64508,91048
424,靈魂之絆升級：黑彌爾,骸骨工匠黑彌爾的第1排靈印受到強化。,解鎖黑彌爾的靈魂之絆特長,4,62,3684892,2,0,0,0,0,0,0,0,0,0,64508,0
425,靈魂之絆升級：瑪利雷斯,瘟疫設計者瑪利雷斯的第1排靈印受到強化。,解鎖瑪利雷斯的靈魂之絆特長,4,63,3684879,2,0,0,0,0,0,0,0,0,0,64508,0
426,靈魂之絆升級：艾曼妮,艾曼妮的第2排靈印受到強化。,解鎖艾曼妮的靈魂之絆特長,4,64,3684875,2,0,0,0,0,0,0,0,0,0,64508,0
427,世界任務獎勵,提高世界任務獎勵的物品等級。,提高世界任務物品等級上限,4,61,236668,0,1,0,0,0,0,0,0,0,0,64068,91050
428,靈魂之絆升級：黑彌爾,骸骨工匠黑彌爾的第2排靈印受到強化。,解鎖黑彌爾的靈魂之絆特長,4,65,3684892,2,0,0,0,0,0,0,0,0,0,64508,0
429,靈魂之絆升級：瑪利雷斯,瘟疫設計者瑪利雷斯的第2排靈印受到強化。,解鎖瑪利雷斯的靈魂之絆特長,4,66,3684879,2,0,0,0,0,0,0,0,0,0,64508,0
430,靈魂之絆升級：艾曼妮,艾曼妮的第3排靈印受到強化。,解鎖艾曼妮的靈魂之絆特長,4,67,3684875,2,0,0,0,0,0,0,0,0,0,64508,0
431,,你會獲得記憶幽光，可以用來賦予一位冒險者大量經驗值。,獲得記憶幽光,4,67,0,0,1,186472,0,0,0,0,0,0,0,64447,0
432,靈魂之絆升級：瑪利雷斯,瘟疫設計者瑪利雷斯的第3排靈印受到強化。,解鎖瑪利雷斯的靈魂之絆特長,4,68,3684879,2,0,0,0,0,0,0,0,0,0,64508,0
433,靈魂之絆升級：黑彌爾,骸骨工匠黑彌爾的第3排靈印受到強化。,解鎖黑彌爾的靈魂之絆特長,4,69,3684892,2,0,0,0,0,0,0,0,0,0,64508,0
434,靈魂之絆升級：艾曼妮,艾曼妮的第4排靈印受到強化。,解鎖艾曼妮的靈魂之絆特長,4,70,3684875,2,0,0,0,0,0,0,0,0,0,64508,0
435,靈魂之絆升級：黑彌爾,骸骨工匠黑彌爾的第4排靈印受到強化。,解鎖黑彌爾的靈魂之絆特長,4,71,3684892,2,0,0,0,0,0,0,0,0,0,64508,0
436,,與莫里克‧費德斯嘉交談以招募這名冒險者。,可以招募新的冒險者,4,71,0,0,1,0,0,0,0,0,0,1336,0,0,0
437,靈魂之絆升級：瑪利雷斯,瘟疫設計者瑪利雷斯的第4排靈印受到強化。,解鎖瑪利雷斯的靈魂之絆特長,4,72,3684879,2,0,0,0,0,0,0,0,0,0,64508,0
438,靈魂之絆升級：瑪利雷斯,瘟疫設計者瑪利雷斯的第5排靈印受到強化。,解鎖瑪利雷斯的靈魂之絆特長,4,73,3684879,2,0,0,0,0,0,0,0,0,0,64508,0
439,,你與死靈領主的連結強化了，移動速度提高1%。,提高移動速度,4,59,0,0,1,0,354129,0,0,0,0,0,0,64108,0
440,靈魂之絆升級：黑彌爾,骸骨工匠黑彌爾的第5排靈印受到強化。,解鎖黑彌爾的靈魂之絆特長,4,74,3684892,2,0,0,0,0,0,0,0,0,0,64508,0
441,靈魂之絆升級：艾曼妮,艾曼妮的第5排靈印受到強化。,解鎖艾曼妮的靈魂之絆特長,4,75,3684875,2,0,0,0,0,0,0,0,0,0,64508,0
442,,你會獲得記憶幽光，可以用來賦予一位冒險者大量經驗值。,獲得記憶幽光,4,76,0,0,0,186472,0,0,0,0,0,0,0,64448,0
443,靈魂之絆升級：黑彌爾,骸骨工匠黑彌爾的第6排靈印受到強化。,解鎖黑彌爾的靈魂之絆特長,4,77,3684892,2,0,0,0,0,0,0,0,0,0,64508,0
444,靈魂之絆升級：瑪利雷斯,瘟疫設計者瑪利雷斯的第6排靈印受到強化。,解鎖瑪利雷斯的靈魂之絆特長,4,78,3684879,2,0,0,0,0,0,0,0,0,0,64508,0
445,靈魂之絆升級：艾曼妮,艾曼妮的第6排靈印受到強化。,解鎖艾曼妮的靈魂之絆特長,4,79,3684875,2,0,0,0,0,0,0,0,0,0,64508,0
446,,,解鎖頭銜,4,80,3752259,1,0,0,0,0,0,0,700,0,0,64508,0
447,統御之鏈：鋼鐵與骸骨軍團,解鎖統御之鏈戰役的下一章。,解鎖新的戰役任務,2,47,1500884,0,0,0,0,0,0,0,0,0,0,64508,0
448,世界任務獎勵,提高世界任務獎勵的物品等級。,提高世界任務物品等級上限,2,46,236668,0,1,0,0,0,0,0,0,0,0,64067,91039
449,靈魂之絆升級：娜迪亞,解鎖娜迪亞第十排的靈魂之絆特長。,解鎖娜迪亞的靈魂之絆特長,2,46,3485243,2,0,0,0,0,0,0,0,0,0,64508,0
450,,,獲得飛行坐騎,2,45,0,0,1,0,0,1490,0,0,0,0,0,64131,0
451,靈魂之絆升級：希奧塔,解鎖希奧塔第十排的靈魂之絆特長。,解鎖希奧塔的靈魂之絆特長,2,45,3485244,2,0,0,0,0,0,0,0,0,0,64508,0
452,統御之鏈：最後的符印,解鎖統御之鏈戰役的下一章。,解鎖新的戰役任務,2,44,1500884,0,0,0,0,0,0,0,0,0,0,64508,0
453,靈魂之絆升級：娜迪亞,解鎖娜迪亞第九排的靈魂之絆特長。,解鎖娜迪亞的靈魂之絆特長,2,43,3485243,2,0,0,0,0,0,0,0,0,0,64508,0
454,,與謀士莎卡交談以招募這名冒險者。,可以招募新的冒險者,2,44,0,0,1,0,0,0,0,0,0,1345,0,0,0
455,精英世界任務靈魄獎勵,從精英世界任務獎勵中所獲得的靈魄數量提高。,精英世界任務靈魄獎勵提高,2,47,3528311,2,1,0,0,0,0,0,0,0,0,64073,91036
456,靈魂之絆升級：希奧塔,解鎖希奧塔第九排的靈魂之絆特長。,解鎖希奧塔的靈魂之絆特長,2,42,3485244,2,0,0,0,0,0,0,0,0,0,64508,0
457,靈魂之絆升級：德瑞文,解鎖德瑞文第九排的靈魂之絆特長。,解鎖德瑞文的靈魂之絆特長,2,41,3485245,2,0,0,0,0,0,0,0,0,0,64508,0
458,統御之鏈：全新的道路,解鎖統御之鏈戰役的下一章。,解鎖新的戰役任務,2,56,1500884,0,0,0,0,0,0,0,0,0,0,64508,0
459,靈魂之絆升級：娜迪亞,解鎖娜迪亞第十二排的靈魂之絆特長。,解鎖娜迪亞的靈魂之絆特長,2,55,3485243,2,0,0,0,0,0,0,0,0,0,64508,0
460,靈魂之絆升級：希奧塔,解鎖希奧塔第十二排的靈魂之絆特長。,解鎖希奧塔的靈魂之絆特長,2,54,3485244,2,0,0,0,0,0,0,0,0,0,64508,0
461,靈魂之絆升級：德瑞文,解鎖德瑞文第十一排的靈魂之絆特長。,解鎖德瑞文的靈魂之絆特長,2,53,3485245,2,0,0,0,0,0,0,0,0,0,64508,0
462,統御之鏈：黑夜之力,解鎖統御之鏈戰役的下一章。,解鎖新的戰役任務,2,52,1500884,0,0,0,0,0,0,0,0,0,0,64508,0
463,,你會獲得記憶幽光，可以用來賦予一位冒險者大量經驗值。,獲得記憶幽光,2,52,0,0,1,186472,0,0,0,0,0,0,0,64452,0
464,靈魂之絆升級：娜迪亞,解鎖娜迪亞第十一排的靈魂之絆特長。,解鎖娜迪亞的靈魂之絆特長,2,51,3485243,2,0,0,0,0,0,0,0,0,0,64508,0
465,統御之鏈：無形訪客,解鎖統御之鏈戰役的下一章。,解鎖新的戰役任務,2,50,1500884,0,0,0,0,0,0,0,0,0,0,64508,0
466,靈魂之絆升級：希奧塔,解鎖希奧塔第十一排的靈魂之絆特長。,解鎖希奧塔的靈魂之絆特長,2,49,3485244,2,0,0,0,0,0,0,0,0,0,64508,0
467,靈魂之絆升級：德瑞文,解鎖德瑞文第十排的靈魂之絆特長。,解鎖德瑞文的靈魂之絆特長,2,48,3485245,2,0,0,0,0,0,0,0,0,0,64508,0
468,,,取得小型罪孽石,2,56,0,0,1,186580,0,0,0,0,0,0,0,64133,0
469,靈魂之絆升級：希奧塔,希奧塔的第2排靈印受到強化。,解鎖希奧塔的靈魂之絆特長,2,64,3485244,2,0,0,0,0,0,0,0,0,0,64508,0
470,靈魂之絆升級：娜迪亞,娜迪亞的第1排靈印受到強化。,解鎖娜迪亞的靈魂之絆特長,2,63,3485243,2,0,0,0,0,0,0,0,0,0,64508,0
471,靈魂之絆升級：德瑞文,德拉文的第1排靈印受到強化。,解鎖德瑞文的靈魂之絆特長,2,62,3485245,2,0,0,0,0,0,0,0,0,0,64508,0
472,無積分PvP裝備物品等級,你和汎希爾持續獲得佐商集團的賞識，讓你可進一步將第2季無積分PVP裝備升級至等級7。,可提高非積分PvP物品等級上限,2,59,1713483,0,1,0,0,0,0,0,0,0,0,64508,91048
473,靈魂之絆升級：希奧塔,希奧塔的第1排靈印受到強化。,解鎖希奧塔的靈魂之絆特長,2,61,3485244,2,0,0,0,0,0,0,0,0,0,64508,0
474,,你與汎希爾的連結強化了，移動速度提高1%。,提高移動速度,2,50,0,0,1,0,354195,0,0,0,0,0,0,64134,0
475,統御之鏈：前往何方,解鎖統御之鏈戰役的最後章節。,解鎖新的戰役任務,2,58,1500884,1,0,0,0,0,0,0,0,0,0,64508,0
476,奧睿博司世界任務靈魄獎勵,從每週地城任務與奧睿博司PvP任務獎勵中所獲得的靈魄數量提高。,每週地城與PvP任務靈魄獎勵提高,2,73,3528311,0,1,0,0,0,0,0,0,0,0,64082,91042
477,,與謀士莎卡交談以招募這名冒險者。,可以招募新的冒險者,2,62,0,0,1,0,0,0,0,0,0,1346,0,0,0
478,靈魂之絆升級：德瑞文,解鎖德瑞文第十二排的靈魂之絆特長。,解鎖德瑞文的靈魂之絆特長,2,57,3485245,2,0,0,0,0,0,0,0,0,0,64508,0
479,靈魂之絆升級：德瑞文,德拉文的第4排靈印受到強化。,解鎖德瑞文的靈魂之絆特長,2,71,3485245,2,0,0,0,0,0,0,0,0,0,64508,0
480,,與謀士莎卡交談以招募這名冒險者。,可以招募新的冒險者,2,71,0,0,1,0,0,0,0,0,0,1347,0,0,0
481,靈魂之絆升級：希奧塔,希奧塔的第4排靈印受到強化。,解鎖希奧塔的靈魂之絆特長,2,70,3485244,2,0,0,0,0,0,0,0,0,0,64508,0
482,靈魂之絆升級：德瑞文,德拉文的第3排靈印受到強化。,解鎖德瑞文的靈魂之絆特長,2,69,3485245,2,0,0,0,0,0,0,0,0,0,64508,0
483,靈魂之絆升級：娜迪亞,娜迪亞的第3排靈印受到強化。,解鎖娜迪亞的靈魂之絆特長,2,68,3485243,2,0,0,0,0,0,0,0,0,0,64508,0
484,靈魂之絆升級：希奧塔,希奧塔的第3排靈印受到強化。,解鎖希奧塔的靈魂之絆特長,2,67,3485244,2,0,0,0,0,0,0,0,0,0,64508,0
485,,你會獲得記憶幽光，可以用來賦予一位冒險者大量經驗值。,獲得記憶幽光,2,67,0,0,1,186472,0,0,0,0,0,0,0,64453,0
486,靈魂之絆升級：娜迪亞,娜迪亞的第2排靈印受到強化。,解鎖娜迪亞的靈魂之絆特長,2,66,3485243,2,0,0,0,0,0,0,0,0,0,64508,0
487,世界任務獎勵,提高世界任務獎勵的物品等級。,提高世界任務物品等級上限,2,61,236668,0,1,0,0,0,0,0,0,0,0,64068,91050
488,靈魂之絆升級：德瑞文,德拉文的第2排靈印受到強化。,解鎖德瑞文的靈魂之絆特長,2,65,3485245,2,0,0,0,0,0,0,0,0,0,64508,0
489,,,解鎖頭銜,2,80,3641397,1,0,0,0,0,0,0,701,0,0,64508,0
490,靈魂之絆升級：希奧塔,希奧塔的第6排靈印受到強化。,解鎖希奧塔的靈魂之絆特長,2,79,3485244,2,0,0,0,0,0,0,0,0,0,64508,0
491,靈魂之絆升級：娜迪亞,娜迪亞的第6排靈印受到強化。,解鎖娜迪亞的靈魂之絆特長,2,78,3485243,2,0,0,0,0,0,0,0,0,0,64508,0
492,靈魂之絆升級：德瑞文,德拉文的第6排靈印受到強化。,解鎖德瑞文的靈魂之絆特長,2,77,3485245,2,0,0,0,0,0,0,0,0,0,64508,0
493,,你會獲得記憶幽光，可以用來賦予一位冒險者大量經驗值。,獲得記憶幽光,2,76,0,0,0,186472,0,0,0,0,0,0,0,64454,0
494,靈魂之絆升級：希奧塔,希奧塔的第5排靈印受到強化。,解鎖希奧塔的靈魂之絆特長,2,75,3485244,2,0,0,0,0,0,0,0,0,0,64508,0
495,靈魂之絆升級：德瑞文,德拉文的第5排靈印受到強化。,解鎖德瑞文的靈魂之絆特長,2,74,3485245,2,0,0,0,0,0,0,0,0,0,64508,0
496,,你與汎希爾的連結強化了，移動速度提高1%。,提高移動速度,2,59,0,0,1,0,354204,0,0,0,0,0,0,64135,0
497,靈魂之絆升級：娜迪亞,娜迪亞的第5排靈印受到強化。,解鎖娜迪亞的靈魂之絆特長,2,73,3485243,2,0,0,0,0,0,0,0,0,0,64508,0
498,靈魂之絆升級：娜迪亞,娜迪亞的第4排靈印受到強化。,解鎖娜迪亞的靈魂之絆特長,2,72,3485243,2,0,0,0,0,0,0,0,0,0,64508,0
499,,,取得一對小翅膀,1,56,0,0,1,186593,0,0,0,0,0,0,0,64137,0
500,統御之鏈：鋼鐵與骸骨軍團,解鎖統御之鏈戰役的下一章。,解鎖新的戰役任務,1,47,1500884,0,0,0,0,0,0,0,0,0,0,64508,0
501,世界任務獎勵,提高世界任務獎勵的物品等級。,提高世界任務物品等級上限,1,46,236668,0,1,0,0,0,0,0,0,0,0,64067,91039
502,靈魂之絆升級：克蕾雅,解鎖克蕾雅第十排的靈魂之絆特長。,解鎖克蕾雅的靈魂之絆特長,1,45,3684897,2,0,0,0,0,0,0,0,0,0,64508,0
503,,,獲得飛行坐騎,1,45,0,0,1,0,0,1492,0,0,0,0,0,64138,0
504,統御之鏈：最後的符印,解鎖統御之鏈戰役的下一章。,解鎖新的戰役任務,1,44,1500884,0,0,0,0,0,0,0,0,0,0,64508,0
505,靈魂之絆升級：佩拉苟斯,解鎖佩拉苟斯第九排的靈魂之絆特長。,解鎖佩拉苟斯的靈魂之絆特長,1,43,3684898,2,0,0,0,0,0,0,0,0,0,64508,0
506,,與闊洛斯交談以招募這名冒險者。,可以招募新的冒險者,1,44,0,0,1,0,0,0,0,0,0,1341,0,0,0
507,靈魂之絆升級：克蕾雅,解鎖克蕾雅第九排的靈魂之絆特長。,解鎖克蕾雅的靈魂之絆特長,1,42,3684897,2,0,0,0,0,0,0,0,0,0,64508,0
508,精英世界任務靈魄獎勵,從精英世界任務獎勵中所獲得的靈魄數量提高。,精英世界任務靈魄獎勵提高,1,47,3528287,2,1,0,0,0,0,0,0,0,0,64073,91036
509,統御之鏈：全新的道路,解鎖統御之鏈戰役的下一章。,解鎖新的戰役任務,1,56,1500884,0,0,0,0,0,0,0,0,0,0,64508,0
510,靈魂之絆升級：佩拉苟斯,解鎖佩拉苟斯第十二排的靈魂之絆特長。,解鎖佩拉苟斯的靈魂之絆特長,1,55,3684898,2,0,0,0,0,0,0,0,0,0,64508,0
511,靈魂之絆升級：克蕾雅,解鎖克蕾雅第十二排的靈魂之絆特長。,解鎖克蕾雅的靈魂之絆特長,1,54,3684897,2,0,0,0,0,0,0,0,0,0,64508,0
512,靈魂之絆升級：米卡尼寇斯,解鎖米卡尼寇斯第十一排的靈魂之絆特長。,解鎖米卡尼寇斯的靈魂之絆特長,1,53,3684894,2,0,0,0,0,0,0,0,0,0,64508,0
513,統御之鏈：黑夜之力,解鎖統御之鏈戰役的下一章。,解鎖新的戰役任務,1,52,1500884,0,0,0,0,0,0,0,0,0,0,64508,0
514,,你會獲得記憶幽光，可以用來賦予一位冒險者大量經驗值。,獲得記憶幽光,1,52,0,0,1,186472,0,0,0,0,0,0,0,64443,0
515,靈魂之絆升級：佩拉苟斯,解鎖佩拉苟斯第十一排的靈魂之絆特長。,解鎖佩拉苟斯的靈魂之絆特長,1,51,3684898,2,0,0,0,0,0,0,0,0,0,64508,0
516,統御之鏈：無形訪客,解鎖統御之鏈戰役的下一章。,解鎖新的戰役任務,1,50,1500884,0,0,0,0,0,0,0,0,0,0,64508,0
517,靈魂之絆升級：克蕾雅,解鎖克蕾雅第十一排的靈魂之絆特長。,解鎖克蕾雅的靈魂之絆特長,1,49,3684897,2,0,0,0,0,0,0,0,0,0,64508,0
518,靈魂之絆升級：米卡尼寇斯,解鎖米卡尼寇斯第十排的靈魂之絆特長。,解鎖米卡尼寇斯的靈魂之絆特長,1,48,3684894,2,0,0,0,0,0,0,0,0,0,64508,0
519,靈魂之絆升級：克蕾雅,克蕾雅的第2排靈印受到強化。,解鎖克蕾雅的靈魂之絆特長,1,64,3684897,2,0,0,0,0,0,0,0,0,0,64508,0
520,靈魂之絆升級：佩拉苟斯,佩拉苟斯的第1排靈印受到強化。,解鎖佩拉苟斯的靈魂之絆特長,1,63,3684898,2,0,0,0,0,0,0,0,0,0,64508,0
521,靈魂之絆升級：米卡尼寇斯,米卡尼寇斯的第1排靈印受到強化。,解鎖米卡尼寇斯的靈魂之絆特長,1,62,3684894,2,0,0,0,0,0,0,0,0,0,0,0
522,無積分PvP裝備物品等級,你和琪瑞安持續獲得佐商集團的賞識，讓你可進一步將第2季無積分PVP裝備升級至等級7。,可提高非積分PvP物品等級上限,1,59,1713483,0,1,0,0,0,0,0,0,0,0,64508,91048
523,靈魂之絆升級：克蕾雅,克蕾雅的第1排靈印受到強化。,解鎖克蕾雅的靈魂之絆特長,1,61,3684897,2,0,0,0,0,0,0,0,0,0,64508,0
524,,你與琪瑞安的連結強化了，移動速度提高1%。,提高移動速度,1,50,0,0,1,0,354252,0,0,0,0,0,0,64145,0
525,統御之鏈：前往何方,解鎖統御之鏈戰役的最後章節。,解鎖新的戰役任務,1,58,1500884,1,0,0,0,0,0,0,0,0,0,64508,0
526,奧睿博司世界任務靈魄獎勵,從每週地城任務與奧睿博司PvP任務獎勵中所獲得的靈魄數量提高。,每週地城與PvP任務靈魄獎勵提高,1,73,3528287,0,1,0,0,0,0,0,0,0,0,64082,91042
527,,與闊洛斯交談以招募這名冒險者。,可以招募新的冒險者,1,62,0,0,1,0,0,0,0,0,0,1342,0,64508,0
528,靈魂之絆升級：米卡尼寇斯,解鎖米卡尼寇斯第十二排的靈魂之絆特長。,解鎖米卡尼寇斯的靈魂之絆特長,1,57,3684894,2,0,0,0,0,0,0,0,0,0,64508,0
529,,與闊洛斯交談以招募這名冒險者。,可以招募新的冒險者,1,71,0,0,1,0,0,0,0,0,0,1343,0,0,0
530,靈魂之絆升級：克蕾雅,克蕾雅的第4排靈印受到強化。,解鎖克蕾雅的靈魂之絆特長,1,70,3684897,2,0,0,0,0,0,0,0,0,0,64508,0
531,靈魂之絆升級：米卡尼寇斯,米卡尼寇斯的第3排靈印受到強化。,解鎖米卡尼寇斯的靈魂之絆特長,1,69,3684894,2,0,0,0,0,0,0,0,0,0,64508,0
532,靈魂之絆升級：佩拉苟斯,佩拉苟斯的第3排靈印受到強化。,解鎖佩拉苟斯的靈魂之絆特長,1,68,3684898,2,0,0,0,0,0,0,0,0,0,64508,0
533,靈魂之絆升級：克蕾雅,克蕾雅的第3排靈印受到強化。,解鎖克蕾雅的靈魂之絆特長,1,67,3684897,2,0,0,0,0,0,0,0,0,0,64508,0
534,,你會獲得記憶幽光，可以用來賦予一位冒險者大量經驗值。,獲得記憶幽光,1,67,0,0,1,186472,0,0,0,0,0,0,0,64444,0
535,靈魂之絆升級：佩拉苟斯,佩拉苟斯的第2排靈印受到強化。,解鎖佩拉苟斯的靈魂之絆特長,1,66,3684898,2,0,0,0,0,0,0,0,0,0,64508,0
536,世界任務獎勵,提高世界任務獎勵的物品等級。,提高世界任務物品等級上限,1,61,236668,0,1,0,0,0,0,0,0,0,0,64068,91050
537,靈魂之絆升級：米卡尼寇斯,米卡尼寇斯的第2排靈印受到強化。,解鎖米卡尼寇斯的靈魂之絆特長,1,65,3684894,2,0,0,0,0,0,0,0,0,0,64508,0
538,靈魂之絆升級：米卡尼寇斯,米卡尼寇斯的第6排靈印受到強化。,解鎖米卡尼寇斯的靈魂之絆特長,1,77,3684894,2,0,0,0,0,0,0,0,0,0,64508,0
539,,你會獲得記憶幽光，可以用來賦予一位冒險者大量經驗值。,獲得記憶幽光,1,76,0,0,0,186472,0,0,0,0,0,0,0,64445,0
540,靈魂之絆升級：克蕾雅,克蕾雅的第5排靈印受到強化。,解鎖克蕾雅的靈魂之絆特長,1,75,3684897,2,0,0,0,0,0,0,0,0,0,64508,0
541,靈魂之絆升級：米卡尼寇斯,米卡尼寇斯的第5排靈印受到強化。,解鎖米卡尼寇斯的靈魂之絆特長,1,74,3684894,2,0,0,0,0,0,0,0,0,0,64508,0
542,,你與琪瑞安的連結強化了，移動速度提高1%。,提高移動速度,1,59,0,0,1,0,354257,0,0,0,0,0,0,64146,0
543,靈魂之絆升級：佩拉苟斯,佩拉苟斯的第5排靈印受到強化。,解鎖佩拉苟斯的靈魂之絆特長,1,73,3684898,2,0,0,0,0,0,0,0,0,0,64508,0
544,靈魂之絆升級：佩拉苟斯,佩拉苟斯的第4排靈印受到強化。,解鎖佩拉苟斯的靈魂之絆特長,1,72,3684898,2,0,0,0,0,0,0,0,0,0,64508,0
545,靈魂之絆升級：米卡尼寇斯,米卡尼寇斯的第4排靈印受到強化。,解鎖米卡尼寇斯的靈魂之絆特長,1,71,3684894,2,0,0,0,0,0,0,0,0,0,64508,0
546,,,解鎖頭銜,1,80,3641395,1,0,0,0,0,0,0,702,0,0,64508,0
547,靈魂之絆升級：克蕾雅,克蕾雅的第6排靈印受到強化。,解鎖克蕾雅的靈魂之絆特長,1,79,3684897,2,0,0,0,0,0,0,0,0,0,64508,0
548,靈魂之絆升級：佩拉苟斯,佩拉苟斯的第6排靈印受到強化。,解鎖佩拉苟斯的靈魂之絆特長,1,78,3684898,2,0,0,0,0,0,0,0,0,0,64508,0
549,無積分PvP裝備物品等級,琪瑞安會跟奧睿博司的佐商集團取得進展，讓你能夠將第2季的非積分PvP裝備升至等級5。,可提高非積分PvP物品等級上限,1,43,1713483,0,1,0,0,0,0,0,0,0,0,0,91854
550,無積分PvP裝備物品等級,死靈領主會與奧睿博司的佐商集團貿易，讓你將無積分PvP裝備升級至等級5。,可提高非積分PvP物品等級上限,4,43,1713483,0,1,0,0,0,0,0,0,0,0,0,91854
551,無積分PvP裝備物品等級,暗夜妖精會跟奧睿博司的佐商集團取得進展，讓你能夠將第2季的非積分PvP裝備升至等級5。,可提高非積分PvP物品等級上限,3,43,1713483,0,1,0,0,0,0,0,0,0,0,0,91854
552,無積分PvP裝備物品等級,汎希爾會跟奧睿博司的佐商集團取得進展，讓你能夠將第2季的非積分PvP裝備升至等級5。,可提高非積分PvP物品等級上限,2,43,1713483,0,1,0,0,0,0,0,0,0,0,0,91854
553,,此坐騎將開放從名望軍需官購買。,解鎖新坐騎,1,70,0,0,1,0,0,1494,0,0,0,0,0,0,0
554,,此坐騎將開放從名望軍需官購買。,解鎖新坐騎,4,70,0,0,1,0,0,1496,0,0,0,0,0,0,0
555,,此坐騎將開放從名望軍需官購買。,解鎖新坐騎,3,70,0,0,1,0,0,1485,0,0,0,0,0,0,0
556,,此坐騎將開放從名望軍需官購買。,解鎖新坐騎,2,70,0,0,1,0,0,1489,0,0,0,0,0,0,0
557,,你會取得這個套裝。,取得新的外觀,1,60,0,0,0,0,0,0,0,2208,0,0,0,64372,0
558,,你會取得這個套裝。,取得新的外觀,4,60,0,0,0,0,0,0,0,2212,0,0,0,64373,0
559,,你會取得這個套裝。,取得新的外觀,3,60,0,0,0,0,0,0,0,2205,0,0,0,64374,0
560,,你會取得這個套裝。,取得新的外觀,2,60,0,0,0,0,0,0,0,2214,0,0,0,64375,0
561,,,解鎖新的外觀,3,77,0,0,1,0,0,0,0,2202,0,0,0,0,0
562,,,解鎖新的外觀,1,77,0,0,1,0,0,0,0,2209,0,0,0,0,0
563,,,解鎖新的外觀,4,77,0,0,1,0,0,0,0,2211,0,0,0,0,0
564,,,解鎖新的外觀,2,77,0,0,1,0,0,0,0,2217,0,0,0,0,0
565,,,獲得新的取回的記憶,1,48,0,0,1,186566,0,0,0,0,0,0,0,64378,40073
566,,,獲得新的取回的記憶,1,48,0,0,1,187111,0,0,0,0,0,0,0,64379,42788
567,,,獲得新的取回的記憶,1,48,0,0,1,186673,0,0,0,0,0,0,0,64395,42789
568,,,獲得新的取回的記憶,1,48,0,0,1,187229,0,0,0,0,0,0,0,64392,42790
569,,,獲得新的取回的記憶,1,48,0,0,1,186591,0,0,0,0,0,0,0,64386,39985
570,,,獲得新的取回的記憶,1,48,0,0,1,187237,0,0,0,0,0,0,0,64413,42791
571,,,獲得新的取回的記憶,1,48,0,0,1,187106,0,0,0,0,0,0,0,64417,42792
572,,,獲得新的取回的記憶,1,48,0,0,1,187163,0,0,0,0,0,0,0,64405,39986
573,,,獲得新的取回的記憶,1,48,0,0,1,186775,0,0,0,0,0,0,0,64396,42230
574,,,獲得新的取回的記憶,1,48,0,0,1,187259,0,0,0,0,0,0,0,64409,42793
575,,,獲得新的取回的記憶,1,48,0,0,1,187225,0,0,0,0,0,0,0,64412,39987
576,,,獲得新的取回的記憶,1,48,0,0,1,187511,0,0,0,0,0,0,0,64418,42794
577,,,獲得新的取回的記憶,4,48,0,0,1,186568,0,0,0,0,0,0,0,64404,40073
578,,,獲得新的取回的記憶,4,48,0,0,1,187118,0,0,0,0,0,0,0,64424,42788
579,,,獲得新的取回的記憶,4,48,0,0,1,186577,0,0,0,0,0,0,0,64425,42789
580,,,獲得新的取回的記憶,4,48,0,0,1,187230,0,0,0,0,0,0,0,64393,42790
581,,,獲得新的取回的記憶,4,48,0,0,1,186621,0,0,0,0,0,0,0,64391,39985
582,,,獲得新的取回的記憶,4,48,0,0,1,187217,0,0,0,0,0,0,0,64398,42791
583,,,獲得新的取回的記憶,4,48,0,0,1,187107,0,0,0,0,0,0,0,64399,42792
584,,,獲得新的取回的記憶,4,48,0,0,1,187160,0,0,0,0,0,0,0,64414,39986
585,,,獲得新的取回的記憶,4,48,0,0,1,186712,0,0,0,0,0,0,0,64383,42230
586,,,獲得新的取回的記憶,4,48,0,0,1,186689,0,0,0,0,0,0,0,64384,42793
587,,,獲得新的取回的記憶,4,48,0,0,1,187226,0,0,0,0,0,0,0,64420,39987
588,,,獲得新的取回的記憶,4,48,0,0,1,186570,0,0,0,0,0,0,0,64421,42794
589,,,獲得新的取回的記憶,3,48,0,0,1,186565,0,0,0,0,0,0,0,64406,40073
590,,,獲得新的取回的記憶,3,48,0,0,1,187109,0,0,0,0,0,0,0,64385,42788
591,,,獲得新的取回的記憶,3,48,0,0,1,186687,0,0,0,0,0,0,0,64397,42789
592,,,獲得新的取回的記憶,3,48,0,0,1,187231,0,0,0,0,0,0,0,64388,42790
593,,,獲得新的取回的記憶,3,48,0,0,1,187280,0,0,0,0,0,0,0,64403,39985
594,,,獲得新的取回的記憶,3,48,0,0,1,187258,0,0,0,0,0,0,0,64380,42791
595,,,獲得新的取回的記憶,3,48,0,0,1,187132,0,0,0,0,0,0,0,64382,42792
596,,,獲得新的取回的記憶,3,48,0,0,1,187161,0,0,0,0,0,0,0,64408,39986
597,,,獲得新的取回的記憶,3,48,0,0,1,186676,0,0,0,0,0,0,0,64401,42230
598,,,獲得新的取回的記憶,3,48,0,0,1,187223,0,0,0,0,0,0,0,64416,42793
599,,,獲得新的取回的記憶,3,48,0,0,1,187227,0,0,0,0,0,0,0,64402,39987
600,,,獲得新的取回的記憶,3,48,0,0,1,186576,0,0,0,0,0,0,0,64423,42794
601,,,獲得新的取回的記憶,2,48,0,0,1,186567,0,0,0,0,0,0,0,64381,40073
602,,,獲得新的取回的記憶,2,48,0,0,1,187105,0,0,0,0,0,0,0,64394,42788
603,,,獲得新的取回的記憶,2,48,0,0,1,186609,0,0,0,0,0,0,0,64389,42789
604,,,獲得新的取回的記憶,2,48,0,0,1,187232,0,0,0,0,0,0,0,64419,42790
605,,,獲得新的取回的記憶,2,48,0,0,1,186635,0,0,0,0,0,0,0,64390,39985
606,,,獲得新的取回的記憶,2,48,0,0,1,187277,0,0,0,0,0,0,0,64387,42791
607,,,獲得新的取回的記憶,2,48,0,0,1,187127,0,0,0,0,0,0,0,64400,42792
608,,,獲得新的取回的記憶,2,48,0,0,1,187162,0,0,0,0,0,0,0,64410,39986
609,,,獲得新的取回的記憶,2,48,0,0,1,186710,0,0,0,0,0,0,0,64411,42230
610,,,獲得新的取回的記憶,2,48,0,0,1,187224,0,0,0,0,0,0,0,64415,42793
611,,,獲得新的取回的記憶,2,48,0,0,1,187228,0,0,0,0,0,0,0,64422,39987
612,,,獲得新的取回的記憶,2,48,0,0,1,186572,0,0,0,0,0,0,0,64407,42794
613,,,解鎖新的外觀,2,64,0,0,1,0,0,0,0,2221,0,0,0,0,0
614,,,解鎖新的外觀,2,74,0,0,1,0,0,0,0,2218,0,0,0,0,0
615,世界任務獎勵,提高世界任務獎勵的物品等級。,提高世界任務物品等級上限,1,75,236668,0,1,0,0,0,0,0,0,0,0,64069,92127
616,世界任務獎勵,提高世界任務獎勵的物品等級。,提高世界任務物品等級上限,4,75,236668,0,1,0,0,0,0,0,0,0,0,64069,92127
617,世界任務獎勵,提高世界任務獎勵的物品等級。,提高世界任務物品等級上限,3,75,236668,0,1,0,0,0,0,0,0,0,0,64069,92127
618,世界任務獎勵,提高世界任務獎勵的物品等級。,提高世界任務物品等級上限,2,75,236668,0,1,0,0,0,0,0,0,0,0,64069,92127
619,靈魂之絆升級：米卡尼寇斯,解鎖米卡尼寇斯第9排的靈魂之絆特長。,解鎖米卡尼寇斯的靈魂之絆特長,1,41,3684894,2,0,0,0,0,0,0,0,0,0,64508,0
620,靈魂之絆升級：佩拉苟斯,解鎖佩拉苟斯第10排的靈魂之絆特長。,解鎖佩拉苟斯的靈魂之絆特長,1,46,3684898,2,0,0,0,0,0,0,0,0,0,64508,0
621,在莫魯克半人馬之中,與雍亞拉平原上的莫魯克半人馬聯手。,解鎖莫魯克半人馬名望,12,1,3012071,8,0,0,0,0,0,0,0,0,0,0,0
622,半人馬狩獵戰利品,你能夠從獨特野獸和寶藏中發現半人馬狩獵戰利品，提高你在莫魯克半人馬中的地位。,莫魯克聲望寶藏已解鎖,12,2,2101975,8,0,0,0,0,0,0,0,0,0,0,0
623,半人馬家用品,你可以向莫魯凱的軍需官胡森取得莫魯克煮菜鍋、非常舒適的毛皮和舒適的毛皮堆等玩具。,半人馬玩具已解鎖,12,3,133778,8,0,0,0,0,0,0,0,0,0,0,0
624,平原的呼喚,無論艾拉格遊牧者在哪裡紮營，他們都歡迎你來到他們的營地。,半人馬牧民已解鎖,12,4,132328,10,0,0,0,0,0,0,0,0,0,0,0
625,狩獵的呼喚II,與莫魯克半人馬一同狩獵時，你可以雇用一個夥伴(在莫魯凱的訓練師弗羅尊那邊選擇)。,狩獵夥伴已解鎖,12,9,461122,8,0,0,0,0,0,0,0,0,0,0,0
626,龍鱗遠征隊,你和龍鱗遠征隊一起開始冒險了！,解鎖龍鱗遠征隊名望,13,1,4553783,8,0,0,0,0,0,0,0,0,0,0,0
627,遠征隊斥候包,你可以在巨龍群島各地找到遠征隊斥候包。和龍鱗基地的探路者傑布交談，獲得更多資訊。,遠征隊斥候包寶藏已解鎖,13,2,130716,8,0,0,0,0,0,0,0,0,0,0,0
628,遠征隊攀爬者,解鎖巨龍群島的攀岩挑戰。龍鱗基地的南納斯博士會協助你入門。(需要解鎖世界任務),攀爬世界任務已解鎖,13,6,1119937,10,0,0,0,0,0,0,0,0,0,0,0
629,遠古傳送門II,到龍鱗基地山丘上方的晶紅鱗哨站找塞林‧暗砧，設法啟用第三道遠古傳送門。,額外傳送門節點已解鎖,13,8,4578411,8,0,0,0,0,0,0,0,0,0,0,0
630,簡易遠征隊工具,在龍鱗基地向雷亞娜取得裝飾用的武器外觀，像是挖掘者之槌、挖掘者之拳、挖掘者鑿子和挖掘者泥鏟。,遠征隊工具外觀已解鎖,13,3,133054,8,0,0,0,0,0,0,0,0,0,0,0
631,遠征隊裝備I,向龍鱗基地的探路者傑布取得一雙實戰用遠征隊手套(物品等級376)。,手套護甲已解鎖,13,12,4291725,8,0,0,0,0,0,0,0,0,0,0,0
632,魔法寶箱,你可以在巨龍群島的洞穴和廢墟中找到魔法寶箱。和龍鱗基地的雷亞娜交談，了解詳細資訊。,魔法寶箱已解鎖,13,16,2201832,8,0,0,0,0,0,0,0,0,0,0,0
635,遠古傳送門III,到龍鱗基地山丘上方的晶紅鱗哨站找塞林‧暗砧，設法啟用第四道遠古傳送門。,額外傳送門節點已解鎖,13,10,4578411,8,0,0,0,0,0,0,0,0,0,0,0
636,記錄遠征,解鎖巨龍群島各地的紀錄遠征活動。龍鱗基地的南納斯博士會協助你入門。(需要解鎖世界任務),編目世界任務已解鎖,13,8,1109101,10,0,0,0,0,0,0,0,0,0,0,0
637,被掩埋的珍寶,你可以使用遠征隊鏟子尋找並挖掘翻過的土堆，鏟子可在龍鱗基地向探路者傑布購買。,翻過的土寶藏已解鎖,13,5,2201832,8,0,0,0,0,0,0,0,0,0,0,0
639,遠征隊鍛造,你可以向龍鱗基地的瑪果爾老大取得設計圖：耐用鏟。,鍛造設計圖已解鎖,13,5,1392955,8,0,0,0,0,0,0,0,0,0,0,96828
640,額外補給品,你有25%的機率從巨龍群島的寶箱中獲得額外的巨龍群島補給品。,額外補給品已解鎖,13,10,1397630,8,0,0,0,0,0,0,0,0,0,0,0
641,尋路者的羅盤,向龍鱗基地的探路者傑布領取尋路者的羅盤玩具。,玩具已解鎖,13,9,4635197,8,0,0,0,0,0,0,0,0,0,0,0
643,動物專家,你可以向龍鱗基地的鬍鬚爺爺取得灰色狨猴或黑色飛掠蟲戰寵。,寵物已解鎖,13,11,2991181,8,0,0,0,0,0,0,0,0,0,0,0
644,遠征隊銘文學III,你可以向龍鱗基地的瑪果爾老大取得技藝：幻象羊皮紙：熔岩飛彈。,銘文學技藝已解鎖,13,21,134942,8,0,0,0,0,0,0,0,0,0,0,96832
646,遠征隊珠寶設計I,你可以向龍鱗基地的瑪果爾老大取得設計圖：輻光的瑪里藍鑽、設計圖：充能的瑪里藍鑽、設計圖：專家的奈薩里黑晶和設計圖：鋒利的奈薩里黑晶。,珠寶設計圖已解鎖,13,9,1500870,8,0,0,0,0,0,0,0,0,0,0,96833
647,遠征隊珠寶設計II,你可以向龍鱗基地的瑪果爾老大取得設計圖：大地守護者塑像和設計圖：生命守縛者塑像。,珠寶設計圖已解鎖,13,13,1500870,8,0,0,0,0,0,0,0,0,0,0,96833
649,龍鱗遠征隊套裝,你可以向龍鱗遠征隊基地的探路者傑布取得裝飾用龍鱗遠征隊套裝。,遠征隊套裝已解鎖,13,14,4291724,8,0,0,0,0,0,0,0,0,0,0,0
650,呱呱E型呱呱調節器,你可以向龍鱗基地的探路者傑布取得呱呱E型聲音調節器，這是呱呱E型機械夥伴的重要元件。,寵物材料已解鎖,13,21,4048816,8,0,0,0,0,0,0,0,0,0,0,0
652,遠古傳送門IV,到龍鱗基地山丘上方的晶紅鱗哨站找塞林‧暗砧，設法啟用第五道遠古傳送門。,額外傳送門節點已解鎖,13,15,4578411,8,0,0,0,0,0,0,0,0,0,0,0
653,遠征隊裁縫I,你可以向龍鱗基地的瑪果爾老大取得圖樣：大師的荒紋布釣魚帽、圖樣：大師的荒紋布主廚帽、圖樣：探險者的草藥學旌旗和圖樣：探險者的地質旌旗。,裁縫圖樣已解鎖,13,15,4549162,8,0,0,0,0,0,0,0,0,0,0,96826
654,遠征隊裁縫II,你可以向龍鱗基地的瑪果爾老大取得圖樣：涼感坐墊和圖樣：龍鱗遠征隊的遠征帳篷。,裁縫圖樣已解鎖,13,17,1392955,8,0,0,0,0,0,0,0,0,0,0,96826
655,舒服地做研究,你可以向龍鱗基地的雷亞娜取得柔軟的紫色枕頭、扁扁的聖匣枕頭和小型三角枕頭等玩具。,枕頭玩具已解鎖,13,17,1392559,8,0,0,0,0,0,0,0,0,0,0,0
656,炸藥考古學,你可以向龍鱗基地的探路者傑布取得遠征隊炸藥。,戶外消耗品已解鎖,13,20,133713,8,0,0,0,0,0,0,0,0,0,0,0
658,遠古傳送門V,到龍鱗基地山丘上方的晶紅鱗哨站找塞林‧暗砧，設法啟用第六道遠古傳送門。,額外傳送門節點已解鎖,13,17,4578411,8,0,0,0,0,0,0,0,0,0,0,0
659,額外補給品II,你將有額外25%的機率從寶箱中獲得額外的巨龍群島補給品，總計可達50%。,額外補給品已解鎖,13,18,1397630,8,0,0,0,0,0,0,0,0,0,0,0
661,遠征隊裁縫III,你可以向龍鱗基地的瑪果爾老大取得圖樣：藍織布遠征隊背包。,裁縫圖樣已解鎖,13,19,4549162,8,0,0,0,0,0,0,0,0,0,0,96826
663,遠古傳送門VI,到龍鱗基地山丘上方的晶紅鱗哨站找塞林‧暗砧，設法啟用第七道遠古傳送門。,額外傳送門節點已解鎖,13,20,4578411,8,0,0,0,0,0,0,0,0,0,0,0
664,遠征隊銘文學II,你可以向龍鱗基地的瑪果爾老大取得技藝：龍鱗遠征隊合約。,銘文學技藝已解鎖,13,19,4549174,8,0,0,0,0,0,0,0,0,0,0,96832
665,龍鱗遠征隊外袍,你可以找龍鱗基地的編目員潔可思解鎖龍鱗遠征隊外袍。,外袍外觀已解鎖,13,19,514262,8,0,0,0,0,0,0,0,0,0,0,0
669,遠古傳送門VII,到龍鱗基地山丘上方的晶紅鱗哨站找塞林‧暗砧，設法啟用第八道遠古傳送門。,額外傳送門節點已解鎖,13,23,4578411,8,0,0,0,0,0,0,0,0,0,0,0
670,騎乘掠蜻蜓,你可以向龍鱗基地的鬍鬚爺爺取得兩個掠蜻蜓坐騎(被馴服的掠蜻蜓、蒼藍掠蜻蜓)。,解鎖掠蜻蜓坐騎,13,25,3995641,8,0,0,0,0,0,0,0,0,0,0,0
673,飛龍觀察者手稿I,透過龍鱗基地的雷亞娜，可為再生元龍獲得四份新的飛龍觀察者手稿(眉毛有脊刺、鬃毛冠、尖刺下顎、棕色毛髮)。,新的飛龍觀察者手稿已解鎖,13,9,4622499,8,0,0,0,0,0,0,0,0,0,0,0
674,遠征隊工程學I,你可以向龍鱗基地的瑪果爾老大取得結構圖：重力移轉裝置和結構圖：洪荒裂解炸藥。,工程學結構圖已解鎖,13,9,1392955,8,0,0,0,0,0,0,0,0,0,0,96829
675,遠征隊珠寶設計III,你可以向龍鱗基地的瑪果爾老大取得設計圖：華麗邊緣放大鏡。,珠寶設計圖已解鎖,13,15,1500870,8,0,0,0,0,0,0,0,0,0,0,96833
676,遠征隊工程學II,你可以向龍鱗基地的瑪果爾老大取得結構圖：無底泥濘礦石背袋和結構圖：彈簧式卡茲格羅岩裁剪刀。,工程學結構圖已解鎖,13,15,1392955,8,0,0,0,0,0,0,0,0,0,0,96829
677,遠征隊銘文學I,你可以向龍鱗基地的瑪果爾老大取得技藝：再生元龍：冠上有脊刺手稿。,銘文學技藝已解鎖,13,15,4549162,8,0,0,0,0,0,0,0,0,0,0,96832
678,飛龍觀察者手稿II,透過龍鱗基地的雷亞娜，可為再生元龍獲得四份新的飛龍觀察者手稿(尖刺槌尾、蜿蜒犄角、追獵者斑紋、尖刺彎眉)。,新的飛龍觀察者手稿已解鎖,13,15,4622499,8,0,0,0,0,0,0,0,0,0,0,0
679,飛龍觀察者手稿III,你可以找龍鱗基地的雷亞娜，替你的烈風迅疾龍、高地飛龍和峭壁荒野飛龍取得三種全新飛龍觀察者手稿，其可提供紅鱗外觀。,新的飛龍觀察者手稿已解鎖,13,22,4622499,8,0,0,0,0,0,0,0,0,0,0,0
680,遠征隊工程學III,你可以向龍鱗基地的瑪果爾老大取得結構圖：呱呱E型。,工程學結構圖已解鎖,13,21,4048816,8,0,0,0,0,0,0,0,0,0,0,96829
681,聯手陣營的旗幟,你可以向龍鱗基地的編目員潔可思取得聖匣守護者與探險者協會旌旗，他們在龍鱗遠征隊一同合作。,旗幟玩具已解鎖,13,19,132487,8,0,0,0,0,0,0,0,0,0,0,0
682,遠征隊裁縫IV,你可以向龍鱗基地的瑪果爾老大取得圖樣：鴨鴨玩偶小愛。,裁縫圖樣已解鎖,13,21,4549162,8,0,0,0,0,0,0,0,0,0,0,96826
683,寶光幼龍藏寶圖,你可以向龍鱗基地的瑪果爾老大取得特殊藏寶圖。這些藏寶圖可以帶領你找到寶光幼龍與珠寶設計圖。,藏寶圖已解鎖,13,21,237387,8,0,0,0,0,0,0,0,0,0,0,0
684,進階遠征隊工具,你可以向龍鱗基地的雷亞娜取得裝飾用的遠征隊挖掘者、可靠的掃除工具以及研究員的放大鏡武器外觀。,遠征隊工具外觀已解鎖,13,7,4202228,10,0,0,0,0,0,0,0,0,0,0,0
685,遠征隊裝備II,你可以向龍鱗基地的探路者傑布取得一件實用的腿甲(物品等級389)。,束褲護甲已解鎖,13,18,4291727,8,0,0,0,0,0,0,0,0,0,0,0
686,遠古傳送門I,與龍鱗基地山丘上晶紅鱗哨站的塞林‧暗砧交談，解鎖兩道遠古傳送門，可以用來在晶紅鱗哨站和鈷藍集會之間來往。,遠古傳送門已解鎖,13,7,4578411,10,0,0,0,0,0,0,0,0,0,73864,0
694,伊斯凱拉巨牙海民,開始與伊斯凱拉巨牙海民建立關係。,解鎖伊斯凱拉巨牙海民名望,14,1,4566513,8,0,0,0,0,0,0,0,0,0,0,0
695,神聖巨牙海民圖騰,與波雅長老交談，學習辨識並取回被盜的神聖巨牙海民圖騰。,巨牙海民寶藏掉落物已解鎖,14,2,442741,8,0,0,0,0,0,0,0,0,0,0,0
696,集體盛宴,你可以參與巨牙海民的集體盛宴，獲得伊斯凱拉的稱譽和食用後的食物增益。和伊斯凱拉的大仔金努克交談以獲得更多資訊。,集體盛宴已解鎖,14,3,2066013,10,0,0,0,0,0,0,0,0,0,0,0
697,烹飪供應商,你可以向伊斯凱拉的小基取得巨牙海民旅行湯鍋和鯨魚骨茶具組玩具，以及裝飾用巨牙海民捶擊板和巨牙海民圓弧刀。,烹飪玩具及工具外觀已解鎖,14,4,644380,8,0,0,0,0,0,0,0,0,0,0,0
698,高地釣魚,你可以製造工具，協助你找到巨龍群島最高水池和湖泊中的釣魚節點。造訪伊斯凱拉的塔維歐了解這個巨牙海民的最高機密。,高地釣魚已解鎖,14,6,4672495,8,0,0,0,0,0,0,0,0,0,0,0
699,漁網I,你可以和伊斯凱拉的塔維歐交談，協助製作漁網。你可以設置巨牙海民漁網，在一段時間內自動捕魚。,釣魚內容已解鎖,14,5,2159817,8,0,0,0,0,0,0,0,0,0,0,0
700,捕魚魚叉I,你可以製造伊斯凱拉魚叉，捕捉巨龍群島的大型海洋生物。拜訪伊斯凱拉的塔維歐以了解詳細資訊。,釣魚內容已解鎖,14,7,1911518,8,0,0,0,0,0,0,0,0,0,0,0
701,冰上釣魚,你可以製造工具，協助你找到巨龍群島冰層中的釣魚節點。拜訪伊斯凱拉的塔維歐以了解這個巨牙海民的冰冷秘密。,冰上釣魚已解鎖,14,10,236801,8,0,0,0,0,0,0,0,0,0,0,0
702,漁網II,你可以升級你的漁網，讓它能捕到更多魚，捕魚的速度也變快。拜訪伊斯凱拉的塔維歐以了解詳細資訊。,釣魚升級已解鎖,14,13,2159815,8,0,0,0,0,0,0,0,0,0,0,0
703,熔岩釣魚,你可以製造工具，協助你找到巨龍群島岩漿中的釣魚節點。拜訪伊斯凱拉的塔維歐以了解這個巨牙海民的燥熱秘密。,熔岩釣魚已解鎖,14,15,514278,8,0,0,0,0,0,0,0,0,0,0,0
704,捕魚魚叉II,你可以製造伊斯凱拉魚叉的升級物品。拜訪伊斯凱拉的塔維歐以了解詳細資訊。,釣魚升級已解鎖,14,18,1376040,8,0,0,0,0,0,0,0,0,0,0,0
706,巨牙海民釣具箱,你可以在巨龍群島水邊和海岸取回被偷走的巨牙海民釣具箱。拜訪伊斯凱拉的塔維歐了解詳細資訊。,釣魚寶藏已解鎖,14,27,294477,8,0,0,0,0,0,0,0,0,0,0,0
708,飛龍觀察者手稿I,透過伊斯凱拉的諾魯克，可為高地飛龍獲得四份新的飛龍觀察者手稿(臉頰有尖刺、頭部有多支犄角、雜亂眉毛、脖子有鰭)。,新的飛龍觀察者手稿已解鎖,14,7,4622497,8,0,0,0,0,0,0,0,0,0,0,0
709,飛龍觀察者手稿II,你可以找伊斯凱拉的諾魯克，替你的高地飛龍取得三種全新飛龍觀察者手稿(片刃尾巴、大型斑點斑紋和荊棘犄角)。,新的飛龍觀察者手稿已解鎖,14,13,4622497,8,0,0,0,0,0,0,0,0,0,0,0
710,飛龍觀察者手稿III,你可以找伊斯凱拉的諾魯克，替你的烈風迅疾龍、再生元龍和峭壁荒野飛龍取得全新飛龍觀察者手稿，其可提供藍鱗外觀。,新的飛龍觀察者手稿已解鎖,14,19,4622497,8,0,0,0,0,0,0,0,0,0,0,0
711,巨牙海民頭飾,你可以向伊斯凱拉的奧瑪普麗塔取得八種裝飾用保暖頭飾。,頭盔外觀已解鎖,14,6,4620974,8,0,0,0,0,0,0,0,0,0,0,0
712,巨牙海民背包,你可以向伊斯凱拉的提庫克取得十二種裝飾用貼心背包外觀。,背包外觀已解鎖,14,16,4620163,8,0,0,0,0,0,0,0,0,0,0,0
713,巨牙海民肩墊,你可以向伊斯凱拉的隆圖皮取得十二種裝飾用伊斯凱拉巨牙海民肩部外觀。,肩部外觀已解鎖,14,28,4621334,8,0,0,0,0,0,0,0,0,0,0,0
714,巨牙海民武器,你可以向伊斯凱拉的哈努取得裝飾用巨牙海民武器。,解鎖武器外觀,14,24,4183251,8,0,0,0,0,0,0,0,0,0,0,0
715,豺狼人背包,你可以向伊斯凱拉的斯卡普取得五種裝飾用豺狼人背包披風。,背包外觀已解鎖,14,29,4562569,8,0,0,0,0,0,0,0,0,0,0,0
716,訓練中的獸欄管理員,你可以向伊斯凱拉的基克取得兩種新戰寵(河獺寶寶或仰泳者木齒狸)。,寵物已解鎖,14,9,3751919,8,0,0,0,0,0,0,0,0,0,0,0
717,巨牙海民商人裝備,你可以向伊斯凱拉的隆圖皮取得裝飾用巨牙海民商人披風，以及裝飾用皮革商人的套裝。,皮革套裝已解鎖,14,12,4095088,8,0,0,0,0,0,0,0,0,0,0,0
718,雪地樂趣,你可以向伊斯凱拉東南方海嶼的基奧波取得兩種雪橇玩具。,雪橇玩具已解鎖,14,26,1247304,8,0,0,0,0,0,0,0,0,0,0,0
719,藍色慰藉,你可以向伊斯凱拉的隆圖皮取得藍枕套懶骨頭玩具。,玩具已解鎖,14,23,1519423,8,0,0,0,0,0,0,0,0,0,0,0
720,漁夫幻想,你可以向伊斯凱拉的能瓦克取得兩種釣魚主題的玩具。,魚玩具已解鎖,14,17,533422,8,0,0,0,0,0,0,0,0,0,0,0
721,巨牙海民外袍,你可以向伊斯凱拉的慕里克取得伊斯凱拉巨牙海民外袍。,外袍外觀已解鎖,14,21,4566513,8,0,0,0,0,0,0,0,0,0,0,0
723,巨牙海民裝備II,你可以向伊斯凱拉的亞維克取得一對實用的肩甲(物品等級389)。,肩部護甲已解鎖,14,22,4095092,8,0,0,0,0,0,0,0,0,0,0,0
724,巨牙海民裝備I,你可以向伊斯凱拉的亞維克取得實用的護腕(物品等級376)。,腕部護甲已解鎖,14,14,4095086,8,0,0,0,0,0,0,0,0,0,0,0
725,偵察巨獺,你可以向伊斯凱拉的塔托取得兩種巨獺坐騎(黃色偵察巨獺、褐色偵察巨獺)。,巨獺坐騎已解鎖,14,25,4093849,8,0,0,0,0,0,0,0,0,0,0,0
726,堅勇探險者,你現在可以使用名符其實的頭銜「堅勇探險者」。,解鎖頭銜,13,25,4553783,8,0,0,0,0,0,0,0,0,0,0,0
727,社群的一員,你可以使用「伊斯凱拉的」頭銜來展示你和巨龍群島巨牙海民的關係。,解鎖頭銜,14,30,4186580,8,0,0,0,0,0,0,0,0,0,0,0
728,萬物故事卷軸,你可以在巨龍群島的戶外區域冒險時，每週找到一個優秀的巨牙海民故事卷軸。這些卷軸可以交給波雅長老換取獎勵。,罕見的故事卷軸已解鎖,14,5,4549163,8,0,0,0,0,0,0,0,0,0,0,0
729,地城鑽研家的故事卷軸,你可以在巨龍群島的地城冒險中，每週找到一個稀有的巨牙海民故事卷軸。這些卷軸可以交給波雅長老換取獎勵。,稀有的故事卷軸已解鎖,14,15,4549162,8,0,0,0,0,0,0,0,0,0,0,0
733,額外補給品II,你將有額外25%的機率從花卉以及植物相關寶藏中獲得額外的巨龍群島補給品，總計可達50%。,額外補給品已解鎖,14,20,133651,8,0,0,0,0,0,0,0,0,0,0,0
734,額外補給品I,你將有25%的機率從花卉以及植物相關寶藏中獲得額外的巨龍群島補給品。,額外補給品已解鎖,14,8,133651,8,0,0,0,0,0,0,0,0,0,0,0
741,巨牙海民製皮I,你可以向伊斯凱拉的洛庫圖克取得圖樣：同盟暖心皮外套和圖樣：雪球製造器。,製皮設計圖已解鎖,14,15,1500870,8,0,0,0,0,0,0,0,0,0,0,96827
742,巨牙海民銘文學I,你可以向伊斯凱拉的諾魯克取得技藝：高地飛龍：黑色毛髮。,銘文學技藝已解鎖,14,13,134942,8,0,0,0,0,0,0,0,0,0,0,96832
743,巨牙海民製皮II,你可以向伊斯凱拉的洛庫圖克取得圖樣：防震擊手套、圖樣：奢華的花草包、圖樣：璀璨的護袍和圖樣：高級剝皮師的軟帽。,製皮設計圖已解鎖,14,18,1500870,8,0,0,0,0,0,0,0,0,0,0,96827
744,巨牙海民製皮IV,你可以向伊斯凱拉的洛庫圖克取得圖樣：原型皇家坐騎護具完成品。,製皮設計圖已解鎖,14,29,1500870,8,0,0,0,0,0,0,0,0,0,0,96827
745,巨牙海民銘文學II,你可以向伊斯凱拉的洛庫圖克取得技藝：伊斯凱拉巨牙海民合約。,銘文學技藝已解鎖,14,25,134942,8,0,0,0,0,0,0,0,0,0,0,96832
746,巨牙海民製皮III,你可以向伊斯凱拉的洛庫圖克取得圖樣：巨牙海民懶骨頭。,製皮設計圖已解鎖,14,23,1500870,8,0,0,0,0,0,0,0,0,0,0,96827
748,沃卓肯協調者,開始從沃卓肯協調者獲得名望。,解鎖沃卓肯協調者名望,15,1,4569780,8,0,0,0,0,0,0,0,0,0,0,0
749,泰坦聖物,你可以在泰坦、巨龍和洪荒使者寶藏中找到泰坦文物，並提升你在沃卓肯協調者的地位。將聖物帶給沃卓肯黑曜區外圍的索蘿堤斯。,泰坦文物寶藏掉落物已解鎖,15,2,3753262,8,0,0,0,0,0,0,0,0,0,0,0
750,巨龍烹飪,你可以向沃卓肯炙烤公羊旅店的艾如苟莎取得茶具組玩具和六樣裝飾用餐具。,烹飪玩具及工具外觀已解鎖,15,3,2264901,8,0,0,0,0,0,0,0,0,0,0,0
751,工匠知識I,你會從沃卓肯的多瑟諾斯那裡取得龍族工匠知識。,專業技能專精點數已解鎖,15,14,4549130,0,0,0,0,0,0,0,0,0,0,0,103831
753,巨龍旗幟,你可以向沃卓肯守護巨龍之座的烏納托斯取得五種巨龍旗幟玩具。,旗幟玩具已解鎖,15,27,4624619,8,0,0,0,0,0,0,0,0,0,0,0
754,園藝工具,你可以向沃卓肯城外同心花園的古爾佩奇取得五種園藝工具的武器外觀。,園藝工具外觀已解鎖,15,6,794468,8,0,0,0,0,0,0,0,0,0,0,0
755,基本龍裔護肩,你可以向沃卓肯黑曜區的護甲鍛造師泰莉絲克取得五大巨龍軍團的基礎裝飾用肩甲外觀。,肩部外觀已解鎖,15,10,3447989,8,0,0,0,0,0,0,0,0,0,0,0
756,火炬、書籍和瓶子,你可以向沃卓肯工匠市場的吉拉取得各種裝飾用平民用品武器外觀。,武器及副手外觀已解鎖,15,25,133742,8,0,0,0,0,0,0,0,0,0,0,0
757,精巧龍裔護肩,你可以向沃卓肯黑曜區的護甲鍛造師泰莉絲克取得裝飾用精巧護肩。,肩部外觀已解鎖,15,28,3395748,8,0,0,0,0,0,0,0,0,0,0,0
758,龍獸頭盔,你可以向沃卓肯黑曜區的護甲鍛造師泰莉絲克取得五種裝飾用龍獸頭盔。,頭盔外觀已解鎖,15,17,2906599,8,0,0,0,0,0,0,0,0,0,0,0
759,泰坦武器,你可以向沃卓肯黑曜區外圍的索蘿堤斯取得裝飾用泰坦造型主題武器。,解鎖武器外觀,15,13,4331966,8,0,0,0,0,0,0,0,0,0,0,0
760,巨龍武器,你可以向沃卓肯黑曜區的武器鍛造師科雷夫取得裝飾用巨龍造型主題武器。,解鎖武器外觀,15,29,4181037,8,0,0,0,0,0,0,0,0,0,0,0
761,沃卓肯協調者外袍,你可以向沃卓肯裡守護巨龍之座的烏納托斯取得沃卓肯協調者外袍。,外袍已解鎖,15,23,4569780,8,0,0,0,0,0,0,0,0,0,0,0
762,沃卓肯時尚,你可以向沃卓肯工匠市場的吉拉購買裝飾用沃卓肯平民套裝。,平民套裝已解鎖,15,20,4464849,8,0,0,0,0,0,0,0,0,0,0,0
763,協調者的一員,你可以透過「巨龍盟友」頭銜，來顯示你和沃卓肯協調者的關係。,解鎖頭銜,15,30,4569780,8,0,0,0,0,0,0,0,0,0,0,0
764,飛龍觀察者手稿I,透過沃卓肯流瀑崖的凱斯塔茲，可為峭壁荒野飛龍獲得四份新的飛龍觀察者手稿(鎧甲眉毛、分裂頭部犄角、臉頰有尖刺、深膚色版)。,新的飛龍觀察者手稿已解鎖,15,9,4622502,8,0,0,0,0,0,0,0,0,0,0,0
765,飛龍觀察者手稿II,透過沃卓肯流瀑崖的凱斯塔茲，可為峭壁荒野飛龍獲得六份新的飛龍觀察者手稿(彎鉤犄角、綴鱗斑紋、矛形尾巴、白色毛髮、四犄角下巴、腿有尖刺)。,新的飛龍觀察者手稿已解鎖,15,15,4622502,8,0,0,0,0,0,0,0,0,0,0,0
766,飛龍觀察者手稿III,你可以找沃卓肯流瀑崖附近的凱斯塔茲，替你的烈風迅疾龍、再生元龍和高地飛龍取得全新飛龍觀察者手稿，其可提供青銅鱗外觀。,新的飛龍觀察者手稿已解鎖,15,21,4622502,8,0,0,0,0,0,0,0,0,0,0,0
767,飛龍觀察者手稿IV,你可以為你的巨龍群島飛龍套用護甲，每種護甲顏色需要個別解鎖。你也可以找沃卓肯流瀑崖的凱斯塔茲取得四種全新飛龍觀察者手稿，替你的烈風迅疾龍、再生元龍、高地飛龍和峭壁荒野飛龍，提供銀色和紫色護甲選項。,新的飛龍觀察者手稿已解鎖,15,26,4571779,8,0,0,0,0,0,0,0,0,0,0,0
770,沃卓肯裝備I,你可以向沃卓肯黑曜區的補給官索姆取得實用的戰鬥腰帶(物品等級376)。,腰帶護甲已解鎖,15,16,4182955,8,0,0,0,0,0,0,0,0,0,0,0
771,沃卓肯裝備II,你可以向沃卓肯黑曜區的補給官索姆取得實戰用頭盔(物品等級389)。,頭盔護甲已解鎖,15,22,4182961,8,0,0,0,0,0,0,0,0,0,0,0
772,攻打龍禍要塞,你現在可以在甦醒海岸的攻打龍禍要塞世界事件中協助擊敗加拉登。,攻打龍禍要塞事件已解鎖,15,5,1380676,10,0,0,0,0,0,0,0,0,0,0,0
773,空中挑戰,解鎖巨龍群島的飛龍騎術世界任務。(需要解鎖世界任務),飛龍騎術世界任務已解鎖,15,7,1100022,10,0,0,0,0,0,0,0,0,0,0,0
774,額外補給品I,你將有25%的機率從帶著補給品的人形生物身上獲得額外的巨龍群島補給品。,額外補給品已解鎖,15,11,133652,8,0,0,0,0,0,0,0,0,0,0,0
775,額外補給品II,你將有額外25%的機率從帶著補給品的人形生物身上獲得額外的巨龍群島補給品，總計可達50%。,額外補給品已解鎖,15,24,133652,8,0,0,0,0,0,0,0,0,0,0,0
779,巨龍群島補給品,到沃卓肯找烏納托斯，領取沃卓肯協調者補給包。,巨龍群島補給品,15,4,4549224,8,0,0,0,0,0,0,0,0,0,0,0
780,巨龍群島補給品,到沃卓肯找烏納托斯，領取沃卓肯協調者補給包。,巨龍群島補給品,15,8,4549224,8,0,0,0,0,0,0,0,0,0,0,0
781,巨龍群島補給品,到沃卓肯找烏納托斯，領取沃卓肯協調者補給包。,巨龍群島補給品,15,14,4549224,8,0,198868,0,0,0,0,0,0,0,0,0
785,幼龍獲救。,你可以向沃卓肯翡翠區的園丁卡馬取得赤紅元龍幼龍或小魔咬戰寵。,戰寵已解鎖,15,18,4452485,8,0,0,0,0,0,0,0,0,0,0,0
786,龍族工程學I,你可以向沃卓肯的多瑟諾斯取得結構圖：技工裝置：接地電路。,工程學結構圖已解鎖,15,11,134942,8,0,0,0,0,0,0,0,0,0,0,96829
787,巨牙海民珠寶設計I,你可以向伊斯凱拉的洛庫圖克取得設計圖：卡魯耶克刻像、設計圖：專家的雅立史紅晶、設計圖：鋒利的伊瑟翡翠、設計圖：輻光的雅立史紅晶、設計圖：充能的伊瑟翡翠。,珠寶設計圖已解鎖,14,10,1500870,8,0,0,0,0,0,0,0,0,0,0,96833
790,遠征隊附魔I,你可以向龍鱗基地的瑪果爾老大取得公式：附魔披風 - 優雅迴避和公式：附魔靴子 - 騎士的慰藉。,附魔公式已解鎖,13,9,1392955,8,0,0,0,0,0,0,0,0,0,0,96831
791,遠征隊烹飪,你可以向龍鱗基地的瑪果爾老大取得食譜：配菜沙拉。,烹飪食譜已解鎖,13,13,1500870,8,0,0,0,0,0,0,0,0,0,0,100167
792,獵者的呼喚I,與席卡半人馬共同狩獵！,半人馬狩獵已解鎖,12,5,236180,10,0,0,0,0,0,0,0,0,0,0,0
793,半人馬武裝I,你可以向莫魯凱的蹄鐵匠榮妲兒取得十二種裝飾用頭盔外觀。,頭盔外觀已解鎖,12,7,4566663,8,0,0,0,0,0,0,0,0,0,0,0
794,半人馬附魔,你可以向莫魯凱的軍需官胡森取得公式：附魔靴子 - 平原跑者之風和公式：附魔胸甲 - 持久力量。,新配方已解鎖,12,8,237019,8,0,0,0,0,0,0,0,0,0,0,96831
795,飛龍觀察者手稿I,透過莫魯凱的軍需官胡森，可為烈風迅疾龍獲的四份新的飛龍觀察者手稿(犄角下顎、黃犄角、脖子有羽毛、公牛犄角)。,新的飛龍觀察者手稿已解鎖,12,6,4549190,8,0,0,0,0,0,0,0,0,0,0,0
796,替代馬蹄,你可以回去找雍伊爾溫泉的菈迪亞，協助培育雷霆蜥蜴，以贏得它的忠誠(並最終將其作為坐騎)。|n|n你必須先完成開始於「不滿的學徒」任務的任務線，此任務可從莫魯凱的風之賢者歐德溫那裏取得。,雷脊踏地者任務線已解鎖,12,9,4008180,8,0,0,0,0,0,0,0,0,0,0,0
797,狩獵效率I,你將有25%的機率從擊敗的野獸身上獲得額外的巨龍群島補給品。,額外補給品已解鎖,12,12,236995,8,0,0,0,0,0,0,0,0,0,0,0
798,艾拉格風石,你可以向莫魯凱的軍需官胡森取得艾拉格風石碎片。可讓你回到艾拉格營地當前的位置。,解鎖艾拉格風石碎片,12,11,132845,8,0,200613,0,0,0,0,0,0,0,0,0
799,友善的蹄鐵匠,你可以向莫魯凱的軍需官胡森取得實戰用長靴(物品等級376)。,腳部護甲已解鎖,12,11,346946,8,0,0,0,0,0,0,0,0,0,0,0
803,半人馬武裝II,你可以向莫魯凱的蹄鐵匠榮妲兒取得十二種莫魯克裝飾用肩部外觀。,肩部外觀已解鎖,12,13,4566613,8,0,0,0,0,0,0,0,0,0,0,0
804,半人馬鍊金術I,你可以從莫魯凱的軍需官胡森取得配方：快捷鍊金石。,鍊金術配方已解鎖,12,13,1500868,8,0,0,0,0,0,0,0,0,0,0,96830
805,龍族附魔,你可以向沃卓肯的多瑟諾斯取得公式：附魔披風 - 返家速度和公式：附魔靴子 - 看守者的壤土。,附魔公式已解鎖,15,11,134942,8,0,0,0,0,0,0,0,0,0,0,96831
806,龍族鍊金術,你可以向沃卓肯的多瑟諾斯取得公式：永續鍊金石。,鍊金術配方已解鎖,15,14,134942,8,0,0,0,0,0,0,0,0,0,0,96830
807,龍族鍛造I,你可以向沃卓肯的多瑟諾斯取得設計圖：黑曜灼燒巨刃劍和設計圖：黑曜灼燒塑能錘。,鍛造設計圖已解鎖,15,14,134942,8,0,0,0,0,0,0,0,0,0,0,96828
808,龍族裁縫I,你可以向沃卓肯的多瑟諾斯取得圖樣：藍織布軟靴和圖樣：時織布束帶。,裁縫圖樣已解鎖,15,14,134942,8,0,0,0,0,0,0,0,0,0,0,96826
809,龍族鍛造II,你可以向沃卓肯的多瑟諾斯取得設計圖：卡茲格羅岩鐮刀、設計圖：卡茲格羅岩針線組，以及設計圖：卡茲格羅岩製皮師工具組。,鍛造設計圖已解鎖,15,19,134942,8,0,0,0,0,0,0,0,0,0,0,96828
810,龍族工程學II,你可以向沃卓肯的多瑟諾斯取得結構圖：卡茲格羅岩挖掘者盔帽和結構圖：寶石匠的卡茲格羅岩鉗。,工程學結構圖已解鎖,15,19,134942,8,0,0,0,0,0,0,0,0,0,0,96829
811,龍族裁縫II,你可以向沃卓肯的多瑟諾斯取得圖樣：大師的荒紋布園藝帽、圖樣：大師的荒紋布附魔師帽，以及圖樣：大師的荒紋布鍊金師長袍。,裁縫圖樣已解鎖,15,19,134942,8,0,0,0,0,0,0,0,0,0,0,96826
812,龍族裁縫III,你可以向沃卓肯的多瑟諾斯取得圖樣：時織布材料袋。,裁縫圖樣已解鎖,15,23,134942,8,0,0,0,0,0,0,0,0,0,0,96826
813,龍族裁縫IV,你可以向沃卓肯的多瑟諾斯取得圖樣：時光旅行坐墊。,裁縫圖樣已解鎖,15,28,134942,8,0,0,0,0,0,0,0,0,0,0,96826
814,龍族銘文學I,你可以向沃卓肯的多瑟諾斯取得技藝：峭壁荒野飛龍：紅色毛髮。,銘文學技藝已解鎖,15,15,134942,8,0,0,0,0,0,0,0,0,0,0,96832
815,龍族銘文學II,你可以向沃卓肯的多瑟諾斯取得技藝：合約：沃卓肯協調者。,銘文學技藝已解鎖,15,23,134942,8,0,0,0,0,0,0,0,0,0,0,96832
816,龍族銘文學III,你可以向沃卓肯的多瑟諾斯取得技藝：幻象羊皮紙：迴旋微風。,銘文學技藝已解鎖,15,28,134942,8,0,0,0,0,0,0,0,0,0,0,96832
817,巨牙海民附魔,你可以向伊斯凱拉的洛庫圖克取得公式：附魔披風 - 復原汲取和公式：附魔胸甲 - 迅速敏捷。,附魔公式已解鎖,14,10,237019,8,0,0,0,0,0,0,0,0,0,0,96831
818,巨牙海民珠寶設計II,你可以向伊斯凱拉的洛庫圖克取得設計圖：夢旅者塑像和設計圖：織法者塑像。,珠寶設計圖已解鎖,14,15,1500870,8,0,0,0,0,0,0,0,0,0,0,96833
819,巨牙海民珠寶設計III,你可以向伊斯凱拉的洛庫圖克取得設計圖：細字三焦鏡以及設計圖：共鳴集中。,珠寶設計圖已解鎖,14,18,1500870,8,0,0,0,0,0,0,0,0,0,0,96833
820,巨牙海民烹飪,你可以向莫伊斯凱拉的洛庫圖克取得設計圖：出奇鋒利的切割刀。,烹飪食譜已解鎖,14,15,1500870,8,0,0,0,0,0,0,0,0,0,0,100167
821,龍鱗遠征隊披風,你可以向龍鱗基地的探路者傑布取得裝飾用龍鱗遠征隊披風。,披風外觀已解鎖,13,4,4291723,8,0,0,0,0,0,0,0,0,0,0,0
822,半人馬鍛造I,你可以向莫魯凱的軍需官胡森取得設計圖：黑曜灼燒長戟、設計圖：黑曜灼燒符文斧和設計圖：黑曜灼燒打臉拳。,鍛造設計圖已解鎖,12,13,1500868,8,0,0,0,0,0,0,0,0,0,0,96828
823,半人馬製皮I,你可以向莫魯凱的軍需官胡森取得圖樣：先祖露滴護肩和圖樣：桑索克可汗的同盟腿甲。,製皮設計圖已解鎖,12,13,1500870,8,0,0,0,0,0,0,0,0,0,0,96827
824,半人馬的夥伴,你可以從莫魯凱的軍需官胡森那裡取得助蹄者戰寵。,解鎖助蹄者,12,8,4033840,8,0,0,0,0,0,0,0,0,0,0,0
825,飛龍觀察者手稿II,透過莫魯凱的軍需官胡森，可為烈風迅疾龍獲得四份新的飛龍觀察者手稿(尖刺尾巴、長口鼻、頭部有毛、背上有羽毛)。,新的飛龍觀察者手稿已解鎖,12,15,4549190,8,0,0,0,0,0,0,0,0,0,0,0
826,半人馬銘文學I,你可以向莫魯凱的軍需官胡森取得技藝：烈風迅疾龍：黑毛皮。,銘文學技藝已解鎖,12,15,4549190,8,0,0,0,0,0,0,0,0,0,0,96832
827,狩獵的呼喚III,與莫魯克半人馬一同狩獵時，你可以選擇一個獵人的祝福(在莫魯凱的訓練師弗羅尊那邊選擇)。,解鎖狩獵祝福,12,10,135879,8,0,0,0,0,0,0,0,0,0,0,0
828,釣魚洞,你可以在巨龍群島各地的釣魚洞中找到有獨特活動的稀有魚群。,釣魚洞已解鎖,14,4,236826,10,0,0,0,0,0,0,0,0,0,0,0
829,狩獵的呼喚IV,你的狩獵夥伴可以獲得一個你所選定的新技能(在莫魯凱的訓練師弗羅尊那邊選擇)。,解鎖狩獵夥伴技能,12,12,135881,8,0,0,0,0,0,0,0,0,0,0,0
830,雍亞拉的友誼,透過莫魯凱的軍需官胡森的協助，開啟莫魯克風鷹快遞網路。,快遞風鷹已解鎖,12,14,1029578,8,0,194885,0,0,0,0,0,0,0,0,0
831,狩獵的呼喚V,與莫魯克半人馬一起狩獵時，你變得更強大。,強化狩獵能力,12,16,1033494,8,0,0,0,0,0,0,0,0,0,0,0
832,半人馬武裝III,你可以向莫魯凱的武器大師阿露姆取得裝飾用的半人馬武器和盾牌造型。,武器外觀已解鎖,12,17,4638439,8,0,0,0,0,0,0,0,0,0,0,0
834,狩獵效率II,你將有額外25%的機率從被擊敗的野獸身上獲得額外的巨龍群島補給品，總計可達50%。,額外補給品已解鎖,12,18,236995,8,0,0,0,0,0,0,0,0,0,0,0
835,半人馬製皮II,你可以向莫魯凱的軍需官胡森取得圖樣：高級鍊金師之帽、圖樣：防火圍裙、圖樣：精工罩衫和圖樣：強化背包。,製皮設計圖已解鎖,12,18,1500870,8,0,0,0,0,0,0,0,0,0,0,96827
836,半人馬鍛造II,你可以向莫魯凱的軍需官胡森取得設計圖：卡茲格羅岩製皮師小刀和設計圖：卡茲格羅岩剝皮小刀。,鍛造設計圖已解鎖,12,18,1500868,8,0,0,0,0,0,0,0,0,0,0,96828
837,飛龍觀察者手稿III,透過莫魯凱的軍需官胡森，可獲得兩份新的飛龍觀察者手稿，為再生元龍、高地飛龍和峭壁荒野飛龍提供綠鱗選項。,新的飛龍觀察者手稿已解鎖,12,19,4549190,8,0,0,0,0,0,0,0,0,0,0,0
838,狩獵的呼喚VI,與莫魯克半人馬一起狩獵時，你變得更為強大。,強化狩獵能力,12,20,611424,8,0,0,0,0,0,0,0,0,0,0,0
839,狩獵的呼喚VII,與莫魯克半人馬一起狩獵時，你變得更加強大。,強化狩獵能力,12,22,236362,8,0,0,0,0,0,0,0,0,0,0,0
840,狩獵的呼喚VIII,你可以向莫魯凱的軍需官胡森取得席卡狩獵號角，以便在巨龍群島的戶外區域冒險時，使用你的莫魯克狩獵技能。,進階狩獵能力,12,23,136034,8,0,0,0,0,0,0,0,0,0,0,0
841,風之認可,在莫魯凱拜訪大可汗瑪托拉‧薩列斯之後，你可以使用適合的頭銜，展示你與莫魯克半人馬結盟的關係。,解鎖新頭銜,12,25,4639174,8,0,0,0,0,0,0,0,0,0,0,0
842,莫魯克錦旗,你可以向莫魯凱的蹄鐵匠榮妲兒取得數個半人馬氏族的錦旗。,解鎖半人馬錦旗,12,21,4639175,8,0,0,0,0,0,0,0,0,0,0,0
843,半人馬銘文學II,你可以向莫魯凱的軍需官胡森取得技藝：合約：莫魯克半人馬。,銘文學技藝已解鎖,12,22,4549190,8,0,0,0,0,0,0,0,0,0,0,96832
844,半人馬鍊金術II,你可以向莫魯凱的軍需官胡森取得配方：狂喜薰香。,鍊金術配方已解鎖,12,22,1500870,8,0,0,0,0,0,0,0,0,0,0,96830
845,半人馬製皮III,你可以向莫魯凱的軍需官胡森取得圖樣：原型探險者的坐騎護具完成品。,製皮設計圖已解鎖,12,22,1500870,8,0,0,0,0,0,0,0,0,0,0,96827
846,半人馬鍛造III,你可以向莫魯凱的軍需官胡森取得設計圖：原型探險者的坐騎護具框架。,鍛造設計圖已解鎖,12,22,4549162,8,0,0,0,0,0,0,0,0,0,0,96828
847,盟友的護甲,你可以向莫魯凱的軍需官胡森取得實戰用胸甲(物品等級389)。,解鎖胸甲,12,24,4638378,8,0,0,0,0,0,0,0,0,0,0,0
848,遠征補給工具組,你可以找尋龍鱗基地的探路者傑布來取得你的遠征補給工具組，這個工具組可以在你從事龍鱗遠征隊活動時提供協助。,遠征補給工具組已解鎖,13,6,4562583,10,2,0,0,0,0,0,0,0,0,0,0
849,戰爭巨獺,你可以向伊斯凱拉的塔托取得兩種裝甲巨獺坐騎(黃色戰爭巨獺、褐色戰爭巨獺)。,裝甲巨獺坐騎已解鎖,14,30,4093873,8,0,0,0,0,0,0,0,0,0,0,0
850,工匠知識II,你會從沃卓肯的多瑟諾斯那裡取得額外的龍族工匠知識。,專業技能專精點數已解鎖,15,24,4549130,0,0,0,0,0,0,0,0,0,0,0,103831
851,工匠知識I,你會從伊斯凱拉的洛庫圖克那裡取得伊斯凱拉工匠知識。,專業技能專精點數已解鎖,14,14,4549130,0,0,0,0,0,0,0,0,0,0,0,103832
852,工匠知識II,你會從伊斯凱拉的洛庫圖克那裡取得額外的伊斯凱拉工匠知識。,專業技能專精點數已解鎖,14,24,4549130,0,0,0,0,0,0,0,0,0,0,0,103832
853,工匠知識I,你會從龍鱗基地的瑪果爾老大那裡取得龍鱗遠征隊工匠知識。,專業技能專精點數已解鎖,13,14,4549130,0,0,0,0,0,0,0,0,0,0,0,103834
854,工匠知識II,你會從龍鱗基地的瑪果爾老大那裡取得額外的龍鱗遠征隊工匠知識。,專業技能專精點數已解鎖,13,23,4549130,0,0,0,0,0,0,0,0,0,0,0,103834
855,馴服龍…類,你可以向沃卓肯的凱斯塔茲那取得書籍《龍類訓練指南》。閱讀之後可以讓獵人馴服多種龍類當作寵物。,龍類馴服書籍已解鎖,15,23,4731153,8,0,0,0,0,0,0,0,0,0,0,95780
856,甦醒精華,你可以在莫魯凱向軍需官胡森取得甦醒精華，讓你可以看見莫魯克先祖並與他們互動。,甦醒精華已解鎖,12,7,3528445,8,0,0,0,0,0,0,0,0,0,0,0
857,工匠知識I,你可以在莫魯凱從軍需官胡森那裡獲得莫魯克工匠的知識。,專業技能專精點數已解鎖,12,14,4549130,0,0,0,0,0,0,0,0,0,0,0,104165
858,工匠知識II,你會從莫魯凱的軍需官胡森那裡取得額外的莫魯克工匠知識。,專業技能專精點數已解鎖,12,24,4549130,0,0,0,0,0,0,0,0,0,0,0,104165
869,英勇獎勵,到沃卓肯與烏納托斯交談，領取洪荒注能。這可作為額外材料使用，將製造物品的等級提高至395以上。,解鎖洪荒注能,15,30,4643981,0,0,0,0,0,0,0,0,0,0,0,0
870,英勇獎勵,到伊斯凱拉與慕里克交談，領取洪荒注能。這可作為額外材料使用，將製造物品的等級提高至395以上。,解鎖洪荒注能,14,30,4643981,0,0,0,0,0,0,0,0,0,0,0,0
871,英勇獎勵,到龍鱗基地與編目員潔可思交談，領取洪荒注能。這可作為額外材料使用，將製造物品的等級提高至395以上。,解鎖洪荒注能,13,25,4643981,0,0,0,0,0,0,0,0,0,0,0,0
875,巨龍群島補給品,到龍鱗基地找編目員潔可思，領取小型龍鱗遠征隊補給包。,巨龍群島補給品,13,13,4549224,8,0,0,0,0,0,0,0,0,0,0,0
884,巨龍群島補給品,到龍鱗基地找編目員潔可思，領取龍鱗遠征隊補給包。,巨龍群島補給品,13,24,4549224,8,0,0,0,0,0,0,0,0,0,0,0
892,巨龍群島補給品,在沃卓肯找烏納托斯，以獲得小型沃卓肯協調者補給包。,巨龍群島補給品,15,12,4549224,8,0,0,0,0,0,0,0,0,0,0,0
897,巨龍群島補給品,到沃卓肯找烏納托斯，領取沃卓肯協調者補給包。,巨龍群島補給品,15,19,4549224,0,0,0,0,0,0,0,0,0,0,0,0
917,巨龍群島補給品,到伊斯凱拉找慕里克，領取小型伊斯凱拉補給包。,巨龍群島補給品,14,11,4549224,8,0,0,0,0,0,0,0,0,0,0,0
934,英勇獎勵,因為你的奉獻，在拜訪莫魯凱的大可汗瑪托拉‧薩列斯之後，你會從莫魯克半人馬那裡獲得洪荒注能。此物品可做為額外材料，提升製造物品的等級至395以上。,解鎖洪荒注能,12,25,4643981,0,0,0,0,0,0,0,0,0,0,0,0
968,洛姆鼴鼠人,開始從洛姆鼴鼠人獲得名望。,解鎖洛姆鼴鼠人名望,20,1,5045060,8,0,0,0,0,0,0,0,0,0,0,0
969,遠古傳送門：禁忌之境,完成禁忌之境起始戰役，然後到龍鱗基地旁邊山丘上的晶紅鱗哨站找塞林‧暗砧，並且尋找進入禁忌之境遠古傳送門的方法。,額外傳送門節點已解鎖,13,11,4578411,8,1,0,0,0,0,0,0,0,0,0,0
970,洛姆交易,到洛姆找紐茲，開始交易。到洛姆與龐佐談話，進行貿易。,解鎖交易,20,3,4632794,2,0,0,0,0,0,0,0,0,0,0,0
971,金幣袋,到洛姆與米穆普談話，獲得一袋金子。這可以用來將物品等級提高至424。,可使用金幣袋,20,4,133785,0,0,0,0,0,0,0,0,0,0,0,0
973,秘密寶藏I,你現在可以嗅出藏在扎拉萊克洞窟的寶藏。,解鎖秘密寶藏,20,2,2486870,10,0,0,0,0,0,0,0,0,0,0,0
974,飛龍觀察者手稿I,你可以找洛姆的哈蘿威‧瑪爾，替你的盤旋滑龍取得三種全新飛龍觀察者手稿(巨角下巴、大鰭狀冠、棕褐犄角)。,新的飛龍觀察者手稿已解鎖,20,5,4922469,8,0,0,0,0,0,0,0,0,0,0,0
975,鼴鼠人挖掘長手套,到洛姆與紐茲談話，獲得鼴鼠人挖掘長手套。這可讓你從扎拉萊克洞窟的任何地點挖回洛姆。,解鎖鼴鼠人挖掘長手套,20,6,4643992,8,0,0,0,0,0,0,0,0,0,0,0
977,蝸牛競速,你可以在洛姆參加蝸牛競速活動。,解鎖蝸牛競速,20,7,5003561,10,0,0,0,0,0,0,0,0,0,0,0
979,鼴鼠人裝備I,你可以從洛姆的哈蘿威‧瑪爾那裡，獲得實用的胸部防具(物品等級405)。,解鎖胸部護甲,20,8,4907020,8,0,0,0,0,0,0,0,0,0,0,0
980,邁里特親密度,現在進行嗅探尋寶時，邁里特會幫你找到額外物品。,提高邁里特親密度,20,9,5140837,10,0,0,0,0,0,0,0,0,0,0,0
982,洛姆鼴鼠人外袍,到洛姆與米穆普談話，獲得洛姆鼴鼠人外袍。,外袍已解鎖,20,10,5045060,8,0,0,0,0,0,0,0,0,0,0,0
983,嗅聞鹽,你可以從洛姆的哈蘿威‧瑪爾那裡，獲得嗅聞鹽。,解鎖嗅聞鹽,20,11,1387651,8,1,0,0,0,0,0,0,0,0,0,0
984,改善洛姆交易,你現在可以找到交易礫石，有效提高交易效率。,改善洛姆交易,20,12,237477,10,0,0,0,0,0,0,0,0,0,0,0
985,工匠知識,你可以向洛姆的哈蘿威‧瑪爾購買製作知識。,解鎖鼴鼠人製作知識,20,12,4549130,8,1,0,0,0,0,0,0,0,0,0,0
986,飛龍觀察者手稿II,你可以找洛姆的哈蘿威‧瑪爾，替你的盤旋滑龍取得三種全新飛龍觀察者手稿(棕色毛髮、彎曲犄角、長角下顎)。,新的飛龍觀察者手稿已解鎖,20,13,4922469,8,0,0,0,0,0,0,0,0,0,0,0
987,鼴鼠人裝備II,你可以從洛姆的哈蘿威‧瑪爾那裡，獲得實用的戰鬥長靴(物品等級415)。,腳部護甲已解鎖,20,14,4907430,8,0,0,0,0,0,0,0,0,0,0,0
988,甲蟲相見歡！,你可以向洛姆的哈蘿威‧瑪爾取得波里或蘭勾戰寵。,戰寵已解鎖,20,15,5008154,8,0,0,0,0,0,0,0,0,0,0,0
989,食物嗅探蝠,你可以向洛姆的哈蘿威‧瑪爾取得食物嗅探蝠坐騎。,解鎖坐騎,20,18,5009629,8,0,0,0,0,0,0,0,0,0,0,0
991,交易礫石禮物,到洛姆與龐佐談話，獲得一份大禮。,解鎖交易礫石,20,17,237477,0,0,0,0,0,0,0,0,0,0,0,0
992,黑龍造型,你可以向洛姆的哈蘿威‧瑪爾取得華麗的黑龍實驗服套裝。,解鎖黑龍外觀,20,16,4688318,8,0,0,0,0,0,0,0,0,0,0,0
993,飛龍頭盔,跟洛姆的哈蘿威‧瑪爾說話，為你的飛龍騎術座騎解鎖造型頭盔。,解鎖飛龍頭盔,20,19,5114749,8,0,0,0,0,0,0,0,0,0,0,0
995,與鼴鼠人聞香,你可以用「臭臭的」頭銜，展現你與洛姆鼴鼠人的良好關係。,解鎖頭銜,20,20,5045060,8,0,0,0,0,0,0,0,0,0,0,0
996,鼴鼠人工具,你可以從洛姆的哈蘿威‧瑪爾那裡，獲得造型鼴鼠人工具。,解鎖鼴鼠人工具,20,18,1060570,8,1,0,0,0,0,0,0,0,0,0,0
997,英勇獎勵,到洛姆與米穆普談話，獲得附魔巨龍暗焰紋章。這可用來當作額外材料，將製作物品等級提高至437。,附魔巨龍暗焰紋章,20,20,5062638,0,1,0,0,0,0,0,0,0,0,0,0
998,秘密寶藏II,你現在可以在扎拉萊克洞窟聞到更珍貴的寶藏了。,秘密寶藏已升級,20,11,2486870,10,0,0,0,0,0,0,0,0,0,0,0
999,飛龍觀察者手稿IV,你可以找洛姆的哈蘿威‧瑪爾，替你的高地飛龍取得一種全新飛龍觀察者手稿(華麗頭盔)。,已解鎖新飛龍觀察者手稿,20,19,4622497,8,1,0,0,0,0,0,0,0,0,0,0
1000,交易礫石,你現在可以從洛姆的哈蘿威‧瑪爾那裡，購買交易礫石。,可購買交易礫石,20,20,237477,8,5,0,0,0,0,0,0,0,0,0,0
1013,飛龍觀察者手稿III,你可以找洛姆的哈蘿威‧瑪爾，替你的盤旋滑龍取得三種全新飛龍觀察者手稿(大尖刺鼻、多毛尾巴、多毛喉部)。,新的飛龍觀察者手稿已解鎖,20,16,4922469,8,1,0,0,0,0,0,0,0,0,0,0
1014,與夢境同在,開始從夢境守望者獲得名望。,解鎖夢境守望者名望,21,1,5244643,8,0,0,0,0,0,0,0,0,0,0,0
1015,小型夢境種子,在野生花園和希薇亞‧颯茂談話，獲得小型夢境種子。這些種子可以在翡翠恩惠中使用。,解鎖小型夢境種子,21,3,656680,2,0,0,0,0,0,0,0,0,0,0,0
1016,綻放精通I,你現在在繁盛綻放活動期間會有額外一個夢果能力。,提高夢果容量,21,4,5390643,10,0,0,0,0,0,0,0,0,0,76573,0
1017,夢見財富,你現在可在翡翠夢境中尋找隱藏的寶藏。,解鎖秘密寶藏,21,2,1394946,10,0,0,0,0,0,0,0,0,0,0,0
1019,與自然接觸,到中央營地找梅希斯拉來開始為生物灌注夢境。,解鎖夢境灌注商人,21,5,1394953,10,0,0,0,0,0,0,0,0,0,78709,0
1020,飛龍觀察者手稿I,你可以找中央營地的月之祭司拉薩拉，替你的繁茂奇行飛龍取得三種全新飛龍觀察者手稿(背鰭、凸眉、反頜吻)。,解鎖新的飛龍觀察者手稿,21,6,1675028,8,0,0,0,0,0,0,0,0,0,0,0
1021,自然戰衣I,你可以向中央營地的月之祭司拉薩拉取得有用的手部護甲(物品等級441)。,解鎖手部護甲,21,7,5177653,8,0,0,0,0,0,0,0,0,0,0,0
1022,綻放精通II,你現在在繁盛綻放活動期間會有額外一個夢果能力。,提高夢果容量,21,8,5390643,10,0,0,0,0,0,0,0,0,0,76574,0
1024,沉重的夢境種子,在野生花園和希薇亞‧颯茂談話，獲得沉重的夢境種子。這些種子可以在翡翠恩惠中使用。,解鎖沉重的夢境種子,21,9,656679,0,0,0,0,0,0,0,0,0,0,0,0
1026,在你的夢中,到中央營地與梅希斯拉談話，獲得夢境守望者外袍。,解鎖新外袍,21,10,5246410,8,0,0,0,0,0,0,0,0,0,0,0
1028,觸碰青草,你現在可在翡翠夢境中尋找更大的隱藏寶藏。,升級秘密寶藏,21,11,1394946,10,0,0,0,0,0,0,0,0,0,0,0
1029,綻放精通III,你現在在繁盛綻放活動期間會有額外一個夢果能力。,提高夢果容量,21,12,5390643,10,0,0,0,0,0,0,0,0,0,76575,0
1031,飛龍觀察者手稿II,你可以找中央營地的月之祭司拉薩拉，替你的繁茂奇行飛龍取得三種全新飛龍觀察者手稿(長口鼻、頸鰭、犄角)。,解鎖新的飛龍觀察者手稿,21,13,1675028,8,0,0,0,0,0,0,0,0,0,0,0
1032,自然戰衣II,你可以向中央營地的月之祭司拉薩拉取得有用的頭部護甲(物品等級454)。,解鎖頭部護甲,21,14,5198744,8,0,0,0,0,0,0,0,0,0,0,0
1033,夢中的朋友,你可以向中央營地的月之祭司拉薩拉取得雲杉和朱尼波。,解鎖戰寵,21,15,3636846,8,0,0,0,0,0,0,0,0,0,0,0
1035,守衛者的面具,你可以向中央營地的月之祭司拉薩拉取得優雅綠龍外衣套裝。,解鎖綠龍外觀,21,16,4723958,8,1,0,0,0,0,0,0,0,0,0,0
1036,正確培育,你可以向中央營地的月之祭司拉薩拉取得造型夢境守望者工具。,解鎖夢境守望者工具,21,16,5169125,8,2,0,0,0,0,0,0,0,0,0,0
1037,大型夢境種子,在野生花園和希薇亞‧颯茂談話，獲得大型夢境種子。這些種子可以在翡翠恩惠中使用。,解鎖大型夢境種子,21,17,656681,0,1,0,0,0,0,0,0,0,0,0,0
1038,自然同調,到中央營地與梅希斯拉談話，獲得夢境灌注。,解鎖夢境灌注,21,18,1394953,8,0,0,0,0,0,0,0,0,0,0,0
1039,綻放專門知識,你現在在繁盛綻放活動期間會發現更多夢果能力。,解鎖夢果多元性,21,16,5390643,10,0,0,0,0,0,0,0,0,0,78710,0
1041,馳騁於綠野,你可以向中央營地的月之祭司拉薩拉取得日觸夢鹿和月光夢鹿。,解鎖坐騎,21,17,4995322,8,0,0,0,0,0,0,0,0,0,0,0
1042,繁茂奇行飛龍鱗片,你可以找中央營地的月之祭司拉薩拉，替你的繁茂奇行飛龍取得兩種全新飛龍觀察者手稿(夜鱗、日落之鱗)。,解鎖繁茂奇行飛龍鱗片,21,19,1675028,8,1,0,0,0,0,0,0,0,0,0,0
1043,穿越星空,你可以使用頭銜「夢境防衛者」，向你守護夢境的承諾致敬。,解鎖頭銜,21,20,5244643,8,1,0,0,0,0,0,0,0,0,0,0
1044,英勇獎勵,到中央營地與梅希斯拉談話，獲得附魔巨龍夢境紋章。這可用來當作額外材料，將製作物品等級提高至476。,附魔巨龍夢境紋章,21,20,5309869,0,0,0,0,0,0,0,0,0,0,0,0
1070,夢境種子,你現在可以在中央營地向月之祭司拉薩拉購買夢境種子。,可購買夢境種子,21,20,656681,8,3,0,0,0,0,0,0,0,0,0,0
1071,豐盛寵物,你現在可以向野生花園的希薇亞‧颯茂購買來自翡翠恩惠的寵物。,解鎖翡翠恩惠寵物,21,11,4899642,8,1,0,0,0,0,0,0,0,0,0,0
1072,豐盛坐騎,你現在可以向野生花園的希薇亞‧颯茂購買來自翡翠恩惠的坐騎。,解鎖翡翠恩惠坐騎,21,18,5100592,8,1,0,0,0,0,0,0,0,0,0,0
1073,縛夢之力,你現在可以在中央營地向月之祭司拉薩拉購買縛夢增強符文。,縛夢增強符文已開放,21,18,348535,8,2,0,0,0,0,0,0,0,0,0,0
1074,致命匕首,|cFF00ccff巨龍崛起外觀|r|n|cFF1eff00強襲風暴外觀|r|n|n解鎖致命匕首外觀。若想在強襲風暴中更換外觀，請去見達卡許‧嚴帳。|n|n「水兵，你現在是桶腿的船員了！拿著這把匕首去掠奪吧！」,加入桶腿的船員,23,1,2175564,0,0,0,0,0,198652,0,0,0,0,0,0
1075,水兵手套,|cFF00ccff巨龍崛起外觀|r|n|n解鎖水兵手套外觀。|n|n「能幫你搶奪戰利品的皮製手套。」,解鎖新的外觀,23,2,1063260,0,0,0,0,0,198779,0,0,0,0,0,0
1076,穩固長靴,|cFF00ccff巨龍崛起外觀|r|n|n解鎖穩固長靴外觀。|n|n「讓你能在船上或陸地上站得穩。」,解鎖新的外觀,23,3,590806,0,0,0,0,0,198783,0,0,0,0,0,0
1077,棉襯馬褲,|cFF00ccff巨龍崛起外觀|r|n|n解鎖棉襯馬褲外觀。|n|n「能讓你安心登陸的新褲子。」,解鎖新的外觀,23,4,5489011,0,0,0,0,0,198781,0,0,0,0,0,0
1078,鈣化巨刃劍,|cFF00ccff巨龍崛起外觀|r|n|cFF1eff00強襲風暴外觀|r|n|n解鎖鈣化巨刃劍外觀。若想在強襲風暴中更換外觀，請去見達卡許‧嚴帳。|n|n「一把形似匕首的劍，但又更大一些。」,解鎖新的外觀,23,5,2182692,0,0,0,0,0,198653,0,0,0,0,0,0
1079,深淵之談,開始從深淵集會獲得名望。,深淵集會名望已解鎖,25,1,5891367,8,0,0,0,0,0,0,0,0,0,0,0
1080,每天都在嗅聞I,你現在可開始嗅聞，這是狗頭人用來挖掘蠟的技藝。藉此找到的蠟可交給剛達加茲的米多斯。,嗅聞寶藏已解鎖,25,2,4743172,10,0,0,0,0,0,0,0,0,0,0,0
1082,陳舊先驅者紋章,在剛達加茲與蠟販史奇克交談來獲取15個雕刻先驅者紋章。這些東西可以用來提升物品等級。(需要等級80),解鎖陳舊紋章,25,9,5872034,0,0,0,0,0,0,0,0,0,0,0,0
1085,重啟起頭難,你已解鎖甦醒機械。(需要等級80),解鎖甦醒機械,25,3,4555571,10,0,0,0,0,0,0,0,0,0,0,0
1086,一包共鳴水晶,在剛達加茲與蠟販史奇克交談來獲取一包共鳴水晶。,解鎖共鳴水晶,25,6,2967113,8,1,0,0,0,0,0,0,0,0,0,0
1088,深淵設計II,你可在剛達加茲向蠟販史奇克獲取精兵頭盔護甲(物品等級584)。,精兵頭盔已解鎖,25,8,5648241,8,0,0,0,0,0,0,0,0,0,0,0
1089,勇氣石,在剛達加茲與蠟販史奇克交談來獲得勇氣石。這些物品可用來向多恩諾加的庫佐斯與其他升級商人升級裝備。(需要等級80),解鎖勇氣石,25,7,5868902,0,1,0,0,0,0,0,0,0,0,0,0
1090,沾滿泥土的寶石,在剛達加茲與蠟販史奇克交談來獲得一顆沾滿泥土的寶石。這可以在多恩諾加向歐希迪恩購買造型套裝。,沾滿泥土的寶石已解鎖,25,4,4555612,8,0,0,0,0,0,0,0,0,0,0,0
1091,蠟燭！,在剛達加茲與蠟販史奇克交談來索取小蠟燭。這可以販賣給商人以換取金幣。,解鎖小蠟燭,25,9,6012044,8,1,0,0,0,0,0,0,0,0,0,0
1094,集會外袍,在剛達加茲與蠟販史奇克交談來獲取集會外袍。,集會外袍已解鎖,25,10,5688309,8,0,0,0,0,0,0,0,0,0,0,0
1096,跟隨你的鼻子,現在可以在嗅聞時找到工具箱。它們可以用在甦醒機械事件中。,嗅聞工具箱已解鎖,25,7,1529272,10,0,0,0,0,0,0,0,0,0,0,0
1097,專業技能知識,你可在剛達加茲向蠟販史奇克獲取採礦、工程學與銘文學的專業技能知識了。,專業技能知識已解鎖,25,12,457654,8,0,0,0,0,0,0,0,0,0,0,0
1100,復原的寶庫鑰匙,在剛達加茲與蠟販史奇克交談來獲取復原的寶庫鑰匙。(需要等級80),復原的寶庫鑰匙已解鎖,25,13,4622271,0,0,0,0,0,0,0,0,0,0,0,0
1101,我們之中有鼴鼠,你可在剛達加茲向蠟販史奇克獲取瓜卡鼴鼠了。,解鎖戰寵,25,17,5777857,8,0,0,0,0,0,0,0,0,0,0,0
1102,一袋共鳴水晶,在剛達加茲與蠟販史奇克交談來獲取一袋共鳴水晶。,共鳴水晶已解鎖,25,14,2967113,8,1,0,0,0,0,0,0,0,0,0,0
1104,集會肩衛,你可在剛達加茲向蠟販史奇克獲取造型護肩了。,狗頭人造型護肩已解鎖,25,14,5688308,8,0,0,0,0,0,0,0,0,0,0,0
1106,深淵設計III,你可在剛達加茲向蠟販史奇克獲取勇士護腰護甲(物品等級597)。,勇士護腰已解鎖,25,19,5648236,8,1,0,0,0,0,0,0,0,0,0,0
1109,雕刻先驅者紋章,在剛達加茲與蠟販史奇克交談來獲取15個雕刻先驅者紋章。這些東西可以用來提升物品等級。(需要等級80),解鎖雕刻紋章,25,17,5872028,0,1,0,0,0,0,0,0,0,0,0,0
1110,別讓腳濕了,你可以在剛達加茲向蠟販史奇克購買赤紅泥鼻鼴鼠。,解鎖陸行坐騎,25,19,5768110,8,0,0,0,0,0,0,0,0,0,0,0
1111,共鳴水晶,在剛達加茲與蠟販史奇克交談來獲取一箱共鳴水晶。,共鳴水晶已解鎖,25,18,2967113,8,1,0,0,0,0,0,0,0,0,0,0
1113,召集新盟友,你可使用「機械低語者」頭銜來展現你對深淵集會的貢獻。,頭銜已解鎖,25,25,5891367,8,0,0,0,0,0,0,0,0,0,0,0
1115,暫時的任務,你已開始獲取聖落之地阿拉希的名望。,解鎖聖落之地阿拉希名望,26,1,5891368,8,0,0,0,0,0,0,0,0,0,0,0
1116,輻光殘骸掉落已解鎖,現在「散布光芒」的生物會掉落輻光殘骸了。(需要等級80),輻光殘骸掉落已解鎖,26,3,5869871,8,1,0,0,0,0,0,0,0,0,0,0
1119,陳舊先驅者紋章,在米雷達爾與奧拉麗亞‧鐵擊交談來獲取15個陳舊先驅者紋章。這些東西可以用來提升物品等級。(需要等級80),陳舊先驅者紋章已解鎖,26,6,5872034,0,0,0,0,0,0,0,0,0,0,0,0
1120,一包共鳴水晶,在米雷達爾與奧拉麗亞‧鐵擊交談來獲取一包共鳴水晶。,共鳴水晶已解鎖,26,4,2967113,8,1,0,0,0,0,0,0,0,0,0,0
1124,從沒有山貓這麼做過,你可在米雷達爾向奧拉麗亞‧鐵擊獲取忠實的山貓夥伴「提伯里厄斯」了。,解鎖戰寵,26,15,5648286,10,0,0,0,0,0,0,0,0,0,0,0
1125,陳舊先驅者紋章,在米雷達爾與奧拉麗亞‧鐵擊交談來獲取15個陳舊先驅者紋章。這些東西可以用來提升物品等級。(需要等級80),陳舊先驅者紋章已解鎖,26,9,5872034,0,1,0,0,0,0,0,0,0,0,0,0
1126,共鳴水晶,在米雷達爾與奧拉麗亞‧鐵擊交談來獲取一包共鳴水晶。,共鳴水晶已解鎖,26,8,2967113,8,2,0,0,0,0,0,0,0,0,0,0
1129,遠征隊外袍,在多恩諾加或米雷達爾與一名聖落之地阿拉希使者交談來獲取遠征隊外袍。,阿拉希外袍已解鎖,26,10,5644155,8,0,0,0,0,0,0,0,0,0,0,0
1131,照亮道路II,現在「散布光芒」的生物會掉落搖曳的火炬了。這些火炬能照亮短暫一段時間。,搖曳的火炬掉落已解鎖,26,9,135432,10,0,0,0,0,0,0,0,0,0,0,0
1132,復原的寶庫鑰匙,在米雷達爾與奧拉麗亞‧鐵擊交談來獲取復原的寶庫鑰匙。(需要等級80),探究鑰匙已解鎖,26,14,4622271,8,1,0,0,0,0,0,0,0,0,0,0
1133,一袋共鳴水晶,在米雷達爾與奧拉麗亞‧鐵擊交談來獲取一袋共鳴水晶。,共鳴水晶已解鎖,26,12,2967113,8,2,0,0,0,0,0,0,0,0,0,0
1134,照亮道路IV,失落的西爾海姆物品現在可能會從散布光芒中的生物身上掉落。,遺失的西爾海姆物品掉落已解鎖,26,12,2066004,10,1,0,0,0,0,0,0,0,0,0,0
1135,雕刻先驅者紋章,在米雷達爾與奧拉麗亞‧鐵擊交談來獲取15個雕刻先驅者紋章。這些東西可以用來提升物品等級。(需要等級80),解鎖雕刻先驅者紋章,26,13,5872028,0,1,0,0,0,0,0,0,0,0,0,0
1142,一袋共鳴水晶,在米雷達爾與奧拉麗亞‧鐵擊交談來獲取一袋共鳴水晶。,共鳴水晶已解鎖,26,16,2967113,8,2,0,0,0,0,0,0,0,0,0,0
1145,如果合得來，牠就會聽你的,你可在米雷達爾向奧拉麗亞‧鐵擊索取一隻朱紅帝王山貓了。,解鎖陸行坐騎,26,21,5689904,8,0,0,0,0,0,0,0,0,0,0,0
1146,一箱共鳴水晶,在米雷達爾與奧拉麗亞‧鐵擊交談來獲取一箱共鳴水晶。,共鳴水晶已解鎖,26,19,2967113,8,2,0,0,0,0,0,0,0,0,0,0
1148,擊退黑暗,你可使用「燈火者」頭銜來展現你對聖落之地阿拉希的貢獻。,頭銜已解鎖,26,25,5891368,8,0,0,0,0,0,0,0,0,0,0,0
1149,英勇獎勵,到米雷達爾與奧拉麗亞‧鐵擊談話，獲得附魔符文先驅者紋章。這可用來當作額外材料，將製作物品等級提高至606。(需要等級80),附魔符文先驅者紋章已解鎖,26,24,5872033,8,0,0,0,0,0,0,0,0,0,0,0
1150,可購買輻光殘骸,你可以在米雷達爾向奧拉麗亞‧鐵擊購買輻光殘骸。,可購買輻光殘骸,26,25,5869871,8,1,0,0,0,0,0,0,0,0,0,0
1153,切斷繩索,你已開始獲取斷裂絲線的名望。,解鎖斷裂絲線名望,27,1,5891370,8,0,0,0,0,0,0,0,0,0,0,0
1155,小卡吉錢包,在織絲者巢穴與維娜茲安女士交談來獲取小卡吉錢包。,可使用卡吉,27,3,4549280,8,2,0,0,0,0,0,0,0,0,0,123475
1157,潛入暗影,你現在可以每週簽訂合約，以便獲得技能、增益效果和阿茲-卡罕特的事件。,合約任務與寶藏已解鎖,27,3,5862763,10,0,0,0,0,0,0,0,0,0,0,0
1159,閃亮的玩意兒II,你可在織絲者巢穴向維娜茲安女士索取冒險者奈幽蟲族費洛蒙分泌器官(物品等級571)。,冒險者飾品已解鎖,27,7,609899,8,0,0,0,0,0,0,0,0,0,0,123475
1161,小卡吉錢包,在織絲者巢穴與維娜茲安女士交談來獲取小卡吉錢包。,可使用卡吉,27,8,4549280,8,1,0,0,0,0,0,0,0,0,0,123475
1162,一堆寶物,你現在可在織絲者巢穴向卡穆科以800個共鳴水晶來交換100個卡吉了。,解鎖卡吉兌換,27,8,4549280,10,0,0,0,0,0,0,0,0,0,0,0
1163,陳舊先驅者紋章,在織絲者巢穴與維娜茲安女士交談來獲取15個陳舊紋章。這些東西可以用來提升物品等級。(需要等級80),陳舊紋章已解鎖,27,9,5872034,0,1,0,0,0,0,0,0,0,0,0,123475
1165,沾滿泥土的寶石,在織絲者巢穴與維娜茲安女士交談來獲得一顆沾滿泥土的寶石。這可以在多恩諾加向歐希迪恩購買造型套裝。,沾滿泥土的寶石已解鎖,27,9,4555612,8,0,0,0,0,0,0,0,0,0,0,123475
1166,斷裂絲線外袍,在織絲者巢穴與維娜茲安女士交談來獲取斷裂絲線外袍。,斷裂絲線外袍已解鎖,27,10,5656531,0,0,0,0,0,0,0,0,0,0,0,123475
1169,閃亮的玩意兒III,你可在織絲者巢穴向維娜茲安女士索取精兵奈幽蟲族費洛蒙分泌器官(物品等級584)。,精兵飾品已解鎖,27,11,609899,8,0,0,0,0,0,0,0,0,0,0,123475
1170,雕刻紋章,在織絲者巢穴與維娜茲安女士交談來獲取15個雕刻紋章。這些東西可以用來提升物品等級。(需要等級80),解鎖雕刻紋章,27,12,5872028,8,0,0,0,0,0,0,0,0,0,0,123475
1171,大卡吉錢包,在織絲者巢穴與維娜茲安女士交談來獲取大卡吉錢包。,可使用卡吉,27,10,4549280,8,1,0,0,0,0,0,0,0,0,0,123475
1172,包圍市場,你現在可在織絲者巢穴向卡穆科以400個共鳴水晶來交換100個卡吉了。,卡吉兌換率提升,27,14,4549280,10,0,0,0,0,0,0,0,0,0,0,0
1173,復原的寶庫鑰匙,在織絲者巢穴與維娜茲安女士交談來獲取復原的寶庫鑰匙。(需要等級80),復原的寶庫鑰匙已解鎖,27,13,4622271,0,0,0,0,0,0,0,0,0,0,0,123475
1174,跳過圈環,你可以在織絲者巢穴向維娜茲安女士索取跳跳。,解鎖戰寵,27,15,5755547,8,0,0,0,0,0,0,0,0,0,0,123475
1175,大卡吉錢包,在織絲者巢穴與維娜茲安女士交談來獲取大卡吉錢包。,可使用卡吉,27,14,4549280,8,2,0,0,0,0,0,0,0,0,0,123475
1177,閃亮的玩意兒IV,你可在織絲者巢穴向維娜茲安女士索取勇士奈幽蟲族費洛蒙分泌器官(物品等級597)。,勇士飾品已解鎖,27,19,609899,8,0,0,0,0,0,0,0,0,0,0,123475
1179,包圍市場II,你現在可在織絲者巢穴向卡穆科以100個共鳴水晶來交換100個卡吉了。,卡吉兌換率提升,27,21,4549280,10,0,0,0,0,0,0,0,0,0,0,0
1180,雕刻紋章,在織絲者巢穴與維娜茲安女士交談來獲取15個雕刻紋章。這些東西可以用來提升物品等級。(需要等級80),解鎖雕刻紋章,27,18,5872028,0,1,0,0,0,0,0,0,0,0,0,123475
1181,墜入深淵I,你可以在織絲者巢穴向維娜茲安女士索取兇猛的爬顎者了。,解鎖陸行坐騎,27,22,5688855,8,0,0,0,0,0,0,0,0,0,0,123475
1183,滿溢卡吉錢包,在織絲者巢穴與維娜茲安女士交談來獲取滿溢卡吉錢包。,可使用卡吉,27,18,4549280,8,2,0,0,0,0,0,0,0,0,0,123475
1185,禁止絲線鬆脫,你可使用「紡絲者」頭銜來展現你對斷裂絲線的貢獻。,頭銜已解鎖,27,25,5891370,8,0,0,0,0,0,0,0,0,0,0,0
1186,英勇獎勵,到織絲者巢穴與維娜茲安女士談話，獲得附魔符文先驅者紋章。這可用來當作額外材料，將製作物品等級提高至606。(需要等級80),附魔符文先驅者紋章已解鎖,27,24,5872033,8,0,0,0,0,0,0,0,0,0,0,123475
1187,遠征隊肩甲,你現在可在米雷達爾向奧拉麗亞‧鐵擊索取造型護肩了。,阿拉希造型護肩已解鎖,26,13,5644154,8,0,0,0,0,0,0,0,0,0,0,0
1188,遠征隊斗篷,你現在可在米雷達爾向奧拉麗亞‧鐵擊索取造型披風了。,阿拉希披風外觀已解鎖,26,2,5644153,8,0,0,0,0,0,0,0,0,0,0,0
1189,集會披巾,你可在剛達加茲向蠟販史奇克獲取造型披風了。,機語者造型披風已解鎖,25,5,5688307,8,0,0,0,0,0,0,0,0,0,0,0
1191,持絲者披風,你可以在織絲者巢穴向維娜茲安女士索取造型披風了。,解鎖披風外觀,27,5,5656529,8,0,0,0,0,0,0,0,0,0,0,123475
1192,持絲者肩鎧,你可以在織絲者巢穴向維娜茲安女士索取造型護肩了。,解鎖造型護肩,27,16,5656530,8,0,0,0,0,0,0,0,0,0,0,123475
1193,會面議會,開始從多恩諾加議會獲得名望。,多恩諾加議會名望已解鎖,24,1,5891369,8,0,0,0,0,0,0,0,0,0,0,0
1194,表演藝術家,你現在可在舞臺協助演出，並有機會獲得裝備和其他獎勵。(需要等級80),劇團已解鎖,24,3,132288,10,0,0,0,0,0,0,0,0,0,0,0
1197,陳舊先驅者紋章,在多恩諾加與審計員巴烏茲交談來獲取15個陳舊先驅者紋章。這些東西可以用來提升物品等級。(需要等級80),陳舊紋章已解鎖,24,6,5872034,0,0,0,0,0,0,0,0,0,0,0,0
1198,一包共鳴水晶,在多恩諾加與審計員巴烏茲交談來獲得一包共鳴水晶。,共鳴水晶已解鎖,24,3,2967113,8,1,0,0,0,0,0,0,0,0,0,0
1200,榮譽議員披風,你可以在多恩諾加向審計員巴烏茲索取造型披風了。,土靈披風外觀已解鎖,24,2,5665271,8,0,0,0,0,0,0,0,0,0,0,0
1201,一包共鳴水晶,在多恩諾加與審計員巴烏茲交談來獲得一包共鳴水晶。,解鎖共鳴水晶,24,8,2967113,8,2,0,0,0,0,0,0,0,0,0,0
1203,議會收藏II,你可在多恩諾加向審計員巴烏茲索取精兵護肩護甲(物品等級584)。,精兵護肩已解鎖,24,7,5648235,8,0,0,0,0,0,0,0,0,0,0,0
1205,陳舊先驅者紋章,在多恩諾加與審計員巴烏茲交談來獲取15個陳舊先驅者紋章。這些東西可以用來提升物品等級。(需要等級80),陳舊紋章已解鎖,24,9,5872034,0,0,0,0,0,0,0,0,0,0,0,0
1206,一包共鳴水晶,在多恩諾加與審計員巴烏茲交談來獲得一包共鳴水晶。,共鳴水晶已解鎖,24,5,2967113,8,1,0,0,0,0,0,0,0,0,0,0
1208,榮譽議員外袍,在多恩諾加與審計員巴烏茲交談來獲取榮譽議員外袍。,土靈外袍已解鎖,24,10,5665273,8,0,0,0,0,0,0,0,0,0,0,0
1212,榮譽議員肩甲,你可以在多恩諾加向審計員巴烏茲索取造型護肩了。,土靈造型護肩已解鎖,24,15,5665272,8,0,0,0,0,0,0,0,0,0,0,0
1213,雕刻先驅者紋章,在多恩諾加與審計員巴烏茲交談來獲取15個雕刻先驅者紋章。這些東西可以用來提升物品等級。(需要等級80),解鎖雕刻紋章,24,11,5872028,0,1,0,0,0,0,0,0,0,0,0,0
1214,一袋共鳴水晶,在多恩諾加與審計員巴烏茲交談來獲得一袋共鳴水晶。,共鳴水晶已解鎖,24,12,2967113,8,1,0,0,0,0,0,0,0,0,0,0
1217,農莊生活,你可以在多恩諾加向審計員巴烏茲索取羅亞米了。,解鎖戰寵,24,13,4279015,8,0,0,0,0,0,0,0,0,0,0,0
1219,議會收藏III,你可在多恩諾加向審計員巴烏茲索取勇士腳部護甲(物品等級597)。,勇士腳部已解鎖,24,16,5648228,8,0,0,0,0,0,0,0,0,0,0,0
1222,共鳴水晶,在多恩諾加與審計員巴烏茲交談來獲得一袋共鳴水晶。,共鳴水晶已解鎖,24,17,2967113,8,2,0,0,0,0,0,0,0,0,0,0
1224,雕刻先驅者紋章,在多恩諾加與審計員巴烏茲交談來獲取15個雕刻先驅者紋章。這些東西可以用來提升物品等級。(需要等級80),解鎖雕刻紋章,24,19,5872028,0,0,0,0,0,0,0,0,0,0,0,0
1225,復原的寶庫鑰匙,在多恩諾加與審計員巴烏茲交談來獲取一把復原的寶庫鑰匙。(需要等級80),復原的寶庫鑰匙已解鎖,24,17,4622271,0,0,0,0,0,0,0,0,0,0,0,0
1226,牧場生活,你可以在多恩諾加向審計員巴烏茲索取頁岩大岩羊了。,解鎖陸行坐騎,24,18,5767166,8,0,0,0,0,0,0,0,0,0,0,0
1227,一箱共鳴水晶,在多恩諾加與審計員巴烏茲交談來獲取一箱共鳴水晶。,共鳴水晶已解鎖,24,18,2967113,8,1,0,0,0,0,0,0,0,0,0,0
1229,患難見團結,你可使用「榮譽議員」頭銜來展現你對多恩諾加議會的貢獻。,頭銜已解鎖,24,25,5891369,8,0,0,0,0,0,0,0,0,0,0,0
1230,英勇獎勵,到多恩諾加與審計員巴烏茲談話，獲得附魔符文先驅者紋章。這可用來當作額外材料，將製作物品等級提高至606。(需要等級80),附魔符文先驅者紋章已解鎖,24,24,5872033,8,0,0,0,0,0,0,0,0,0,0,0
1231,棉紡襯衣,|cFF00ccff巨龍崛起外觀|r|n|cFF1eff00強襲風暴外觀|r|n|n解鎖棉紡襯衣外觀。|n|n另外也會解鎖強襲風暴的襤褸水兵服裝。若想更換服裝，請去見達卡許‧嚴帳。,解鎖新的外觀,23,6,4279080,0,0,0,0,0,198780,0,0,0,0,80262,0
1232,潛藏者披風,|cFF00ccff巨龍崛起外觀|r|n|n解鎖潛藏者披風外觀。|n|n「某些掠奪者比較喜歡待在暗處。」,解鎖新的外觀,23,7,2124014,0,0,0,0,0,198776,0,0,0,0,0,0
1233,銅火炮,|cFF00ccff巨龍崛起外觀|r|n|cFF1eff00強襲風暴外觀|r|n|n解鎖銅火炮外觀。若想在強襲風暴中更換外觀，請去見達卡許‧嚴帳。|n|n「若你手邊有大砲，掠奪財寶也就更容易了。」,解鎖新的外觀,23,8,304333,0,0,0,0,0,198656,0,0,0,0,0,0
1234,暖毛帽,|cFF00ccff巨龍崛起外觀|r|n|n解鎖暖毛帽外觀。|n|n「就連皮膚黝黑的海盜也會覺得冷。」,解鎖新的外觀,23,9,1676426,0,0,0,0,0,198786,0,0,0,0,0,0
1235,銀色潮汐戰馬,|cFF00ccff巨龍崛起坐騎|r|n|n解鎖銀色潮汐戰馬水下坐騎。|n|n「聞起來像蝦子。」,解鎖水下坐騎,23,10,2741477,0,0,0,0,1259,0,0,0,0,0,0,0
1236,泡泡,|cFF00ccff巨龍崛起寵物|r|n|cFF1eff00強襲風暴寵物|r|n|n解鎖泡泡寵物。在強襲風暴中，達卡許‧嚴帳可以幫你召喚你的寵物。|n|n「牠會跟著你回家！」,解鎖戰寵,23,11,2027915,0,0,0,437600,0,0,0,0,0,0,0,0
1237,騙子露指手套,|cFF00ccff巨龍崛起外觀|r|n|n解鎖騙子露指手套外觀。|n|n「專為那些手法精妙之人設計。」,解鎖新的外觀,23,12,1026773,0,0,0,0,0,198778,0,0,0,0,0,0
1238,黑鋼軍刀,|cFF00ccff巨龍崛起外觀|r|n|cFF1eff00強襲風暴外觀|r|n|n解鎖黑鋼軍刀外觀。若想在強襲風暴中更換外觀，請去見達卡許‧嚴帳。|n|n「專為劫盜擄掠所鑄造。」,解鎖新的外觀,23,13,960919,0,0,0,0,0,198654,0,0,0,0,0,0
1239,無聲皮靴,|cFF00ccff巨龍崛起外觀|r|n|n解鎖無聲皮靴外觀。|n|n「有時候躲起來就是最佳的攻擊手段。」,解鎖新的外觀,23,14,590806,0,0,0,0,0,198784,0,0,0,0,0,0
1240,手織長褲,|cFF00ccff巨龍崛起外觀|r|n|n解鎖手織長褲外觀。|n|n「來自船長的禮物，專為你縫製的！」,解鎖新的外觀,23,15,1981728,0,0,0,0,0,198782,0,0,0,0,0,0
1241,神奇霰彈槍,|cFF00ccff巨龍崛起外觀|r|n|cFF1eff00強襲風暴外觀|r|n|n解鎖神奇霰彈槍外觀。若想在強襲風暴中更換外觀，請去見達卡許‧嚴帳。|n|n「可別對著臉。」,解鎖新的外觀,23,16,135628,0,0,0,0,0,198657,0,0,0,0,0,0
1242,精美赤紅窄衣,|cFF00ccff巨龍崛起外觀|r|n|cFF1eff00強襲風暴外觀|r|n|n解鎖精美赤紅窄衣外觀。|n|n另外也會解鎖強襲風暴的時髦水兵服裝。若想更換服裝，請去見達卡許‧嚴帳。,解鎖新的外觀,23,17,5519312,0,0,0,0,0,195323,0,0,0,0,80263,0
1243,血腥鐵製斬斧,|cFF00ccff巨龍崛起外觀|r|n|cFF1eff00強襲風暴外觀|r|n|n解鎖血腥鐵製斬斧外觀。若想在強襲風暴中更換外觀，請去見達卡許‧嚴帳。|n|n「專給嗜血海盜使用的染血斧頭！」,解鎖新的外觀,23,18,1092278,0,0,0,0,0,198655,0,0,0,0,0,0
1244,防潑水披氅,|cFF00ccff巨龍崛起外觀|r|n|n解鎖防潑水披氅外觀。|n|n「上頭寫的是『防潑水』，不是『防水』。可別亂跳到湖裡面。」,解鎖新的外觀,23,19,2124014,0,0,0,0,0,198777,0,0,0,0,0,0
1245,皇家海羽鸚鵡,|cFF00ccff巨龍崛起坐騎|r|n|n解鎖皇家海羽鸚鵡飛行坐騎。|n|n「看看你奪來的財寶，沒有一隻巨大鸚鵡跟你做伴可就說不過去了。」,解鎖飛行坐騎,23,20,4395379,0,0,0,0,994,0,0,0,0,0,0,0
1246,風暴船長帽,|cFF00ccff巨龍崛起外觀|r|n|n解鎖風暴船長帽外觀。|n|n「適合給穿越風暴的船長戴的帽子！」,解鎖新的外觀,23,21,1676418,0,0,0,0,0,198785,0,0,0,0,0,0
1247,強襲之王鑲金符印,|cFF00ccff巨龍崛起外觀|r|n|cFF1eff00強襲風暴外觀|r|n|n解鎖強襲之王鑲金符印外觀。若想在強襲風暴中更換外觀，請去見達卡許‧嚴帳。|n|n「高舉強襲之王的手杖就可以召集水手前往掠奪！」,解鎖新的外觀,23,22,5581310,0,0,0,0,0,198641,0,0,0,0,0,0
1248,強襲之王腕輪,|cFF00ccff巨龍崛起外觀|r|n|n解鎖強襲之王腕輪外觀。|n|n「適合頂尖水手配戴的金腕輪。」,解鎖新的外觀,23,23,5559628,0,0,0,0,0,198624,0,0,0,0,0,0
1249,掠奪的標幣袋,|cFF00ccff巨龍崛起獎勵|r|n|n在暴風城或奧格瑪的收藏箱中解鎖250枚商人的標幣。,解鎖商人的標幣,23,24,975746,0,0,0,437507,0,0,0,0,0,0,0,0
1250,強襲之王黃金繫腰,|cFF00ccff巨龍崛起外觀|r|n|n解鎖強襲之王黃金繫腰外觀。|n|n「金色的大骷髏頭扣環絕對能襯托你的衣裝。」,解鎖新的外觀,23,25,5559626,0,0,0,0,0,198625,0,0,0,0,0,0
1251,強襲之王神偷手套,|cFF00ccff巨龍崛起外觀|r|n|n解鎖強襲之王神偷手套外觀。|n|n「有夠柔滑。」,解鎖新的外觀,23,26,5559630,0,0,0,0,0,198623,0,0,0,0,0,0
1252,強襲之王斷頭斧,|cFF00ccff巨龍崛起外觀|r|n|cFF1eff00強襲風暴外觀|r|n|n解鎖強襲之王斷頭斧外觀。若想在強襲風暴中更換外觀，請去見達卡許‧嚴帳。|n|n「這可是海盜之王不可或缺的工具。」,解鎖新的外觀,23,27,5580802,0,0,0,0,0,198650,0,0,0,0,0,0
1253,強襲之王刮泥靴,|cFF00ccff巨龍崛起外觀|r|n|n解鎖強襲之王刮泥靴外觀。|n|n「你不會想把它弄髒的。」,解鎖新的外觀,23,28,5559627,0,0,0,0,0,198626,0,0,0,0,0,0
1254,強襲之王花俏長褲,|cFF00ccff巨龍崛起外觀|r|n|n解鎖強襲之王花俏長褲外觀。|n|n「現在你可以吹噓你有最好看的褲子了。」,解鎖新的外觀,23,29,5559632,0,0,0,0,0,198622,0,0,0,0,0,0
1255,格蘭洛克,|cFF00ccff巨龍崛起寵物|r|n|cFF1eff00強襲風暴寵物|r|n|n解鎖格蘭洛克寵物。在強襲風暴中，達卡許‧嚴帳可以幫你召喚你的寵物。|n|n「一個跟你一樣喜好掠奪的夥伴。」,解鎖戰寵,23,30,5559624,0,0,0,437601,0,0,0,0,0,0,0,0
1256,強襲之王精緻細劍,|cFF00ccff巨龍崛起外觀|r|n|cFF1eff00強襲風暴外觀|r|n|n解鎖強襲之王精緻細劍外觀。若想在強襲風暴中更換外觀，請去見達卡許‧嚴帳。|n|n「刺擊專用。」,解鎖新的外觀,23,31,5581649,0,0,0,0,0,198642,0,0,0,0,0,0
1257,強襲之王手持火砲,|cFF00ccff巨龍崛起外觀|r|n|cFF1eff00強襲風暴外觀|r|n|n解鎖強襲之王手持火砲外觀。若想在強襲風暴中更換外觀，請去見達卡許‧嚴帳。|n|n「聞起來有黃金與火藥的味道。」,解鎖新的外觀,23,32,5581325,0,0,0,0,0,198651,0,0,0,0,0,0
1258,掠奪的標幣箱,|cFF00ccff巨龍崛起獎勵|r|n|n在暴風城或奧格瑪的收藏箱中解鎖500枚商人的標幣。,解鎖商人的標幣,23,33,4696085,0,0,0,437510,0,0,0,0,0,0,0,0
1259,強襲之王馬甲,|cFF00ccff巨龍崛起外觀|r|n|n解鎖強襲之王馬甲外觀。|n|n「穿上馬甲沒有不好看的。」,解鎖新的外觀,23,34,5559633,0,0,0,0,0,198628,0,0,0,0,0,0
1260,強襲之王披氅,|cFF00ccff巨龍崛起外觀|r|n|n解鎖強襲之王披氅外觀。|n|n「當然是紅金配色囉。」,解鎖新的外觀,23,35,5559629,0,0,0,0,0,198621,0,0,0,0,0,0
1261,強襲之王銀彎劍,|cFF00ccff巨龍崛起外觀|r|n|cFF1eff00強襲風暴外觀|r|n|n解鎖強襲之王銀彎劍外觀。若想在強襲風暴中更換外觀，請去見達卡許‧嚴帳。|n|n「在日光下舉高絕對是耀眼奪目。」,解鎖新的外觀,23,36,5581315,0,0,0,0,0,198649,0,0,0,0,0,0
1262,強襲之王流蘇肩甲,|cFF00ccff巨龍崛起外觀|r|n|cFF1eff00強襲風暴外觀|r|n|n解鎖強襲之王流蘇肩甲外觀。|n|n另外也會解鎖強襲風暴的魁梧水兵服裝。若想更換服裝，請去見達卡許‧嚴帳。,解鎖新的外觀,23,37,5559634,0,0,0,0,0,198620,0,0,0,0,80264,0
1263,強襲之王海軍府折邊帽,|cFF00ccff巨龍崛起外觀|r|n|n解鎖強襲之王海軍府折邊帽外觀。|n|n「專為你頭型設計的羽毛飾帽。」,解鎖新的外觀,23,38,5559631,0,0,0,0,0,198627,0,0,0,0,0,0
1264,波利‧羅傑,|cFF00ccff巨龍崛起坐騎|r|n|n解鎖波利‧羅傑飛龍騎術坐騎。|n|n「船長把他喜怒無常的巨型鸚鵡給了你。祝你好運！」,解鎖動態坐騎,23,39,5578050,0,0,0,0,2090,0,0,0,0,0,0,0
1265,強襲之王,|cFF00ccff巨龍崛起頭銜|r|n|n解鎖強襲之王頭銜。|n|n「船長把『強襲之王』的頭銜賜給了你。願你的敵人全部葬身海底！」,解鎖頭銜,23,40,4203076,0,0,0,0,0,0,0,810,0,0,0,0
1266,樂樂,|cFF00ccff巨龍崛起寵物|r|n|cFF1eff00強襲風暴寵物|r|n|n解鎖樂樂寵物。在強襲風暴中，達卡許‧嚴帳可以幫你召喚你的寵物。|n|n「牠覺得來這裡很興奮。」,解鎖戰寵,23,6,237309,0,1,0,0,0,198780,0,0,0,0,80262,0
1267,水兵,|cFF1eff00強襲風暴頭銜|r|n|n向強襲風暴的達卡許‧嚴帳解鎖「水兵」頭銜。|n|n「船長已經宣布你是正式水兵！」,解鎖強襲風暴頭銜,23,2,1063033,0,1,0,0,0,0,0,0,0,0,0,120195
1268,劍客,|cFF1eff00強襲風暴頭銜|r|n|n向強襲風暴的達卡許‧嚴帳解鎖「劍客」頭銜。|n|n「你已經證明自己的耍劍能力。」,解鎖強襲風暴頭銜,23,10,2060684,0,1,0,0,0,0,0,0,0,0,0,120195
1269,海盜,|cFF1eff00強襲風暴頭銜|r|n|n向強襲風暴的達卡許‧嚴帳解鎖「海盜」頭銜。|n|n「你是風暴中的恐怖強者！」,解鎖強襲風暴頭銜,23,20,2055037,0,1,0,0,0,0,0,0,0,0,0,120195
1270,大副,|cFF1eff00強襲風暴頭銜|r|n|n向強襲風暴的達卡許‧嚴帳解鎖「大副」頭銜。|n|n「你的強襲能力出神入化！」,解鎖強襲風暴頭銜,23,30,2055032,0,1,0,0,0,0,0,0,0,0,0,120195
1271,小小的羽飾折邊帽,|cFF00ccff巨龍崛起朋友|r|n|cFF1eff00強襲風暴朋友|r|n|n召喚皮皮出來時，牠偶爾會打扮成強襲之王。想在強襲風暴中召喚這位小不點船長，請去見達卡許‧嚴帳。,解鎖皮皮的新造型,23,24,1044996,0,1,0,0,0,0,0,0,0,0,80093,0
1272,黝黑警告標誌,|cFF00ccff巨龍崛起玩具|r|n|n解鎖黝黑警告標誌玩具。|n|n「非常適合打造你自己的海盜窩。」,解鎖玩具,23,16,2055035,0,1,0,0,0,0,0,0,0,0,0,0
1273,桶印包裹,|cFF00ccff巨龍崛起任務|r|n|n巨龍群島的沃卓肯有一項全新任務正等著70級角色去進行。,解鎖巨龍崛起任務,23,5,236664,0,1,0,0,0,0,0,0,0,0,0,0
1274,皮恩奇,|CFFa335ee經典版寵物|r|n|n解鎖在《巫妖王之怒：經典版》中使用的『掠奪者』皮恩奇寵物。|n|n「小心牠尖尖的螯！」,解鎖經典版寵物,23,11,5559624,0,1,0,0,0,0,0,0,0,0,0,0
1275,波利‧羅傑,|CFFa335ee經典版坐騎|r|n|n解鎖在《巫妖王之怒：經典版》中使用的波利‧羅傑飛行坐騎。,解鎖經典版坐騎,23,39,5578050,0,1,0,0,0,0,0,0,0,0,0,0
1278,沾滿泥土的寶石,在多恩諾加與審計員巴烏茲交談來獲得一顆沾滿泥土的寶石。這可以在多恩諾加向歐希迪恩購買造型套裝。,沾滿泥土的寶石已解鎖,24,20,4555612,8,0,0,0,0,0,0,0,0,0,0,0
1280,一箱共鳴水晶,在多恩諾加與審計員巴烏茲交談來獲得一箱共鳴水晶。,共鳴水晶已解鎖,24,20,2967113,8,1,0,0,0,0,0,0,0,0,0,0
1282,雕刻先驅者紋章,在多恩諾加與審計員巴烏茲交談來獲取15個雕刻先驅者紋章。這些東西可以用來提升物品等級。(需要等級80),解鎖雕刻紋章,24,25,5872028,0,1,0,0,0,0,0,0,0,0,0,0
1284,一箱共鳴水晶,在多恩諾加與審計員巴烏茲交談來獲取一箱共鳴水晶。,共鳴水晶已解鎖,24,24,2967113,8,1,0,0,0,0,0,0,0,0,0,0
1285,雕刻先驅者紋章,在剛達加茲與蠟販史奇克交談來獲取15個雕刻先驅者紋章。這些東西可以用來提升物品等級。(需要等級80),解鎖雕刻紋章,25,11,5872028,0,0,0,0,0,0,0,0,0,0,0,0
1286,共鳴水晶,在剛達加茲與蠟販史奇克交談來獲取一箱共鳴水晶。,共鳴水晶已解鎖,25,20,2967113,8,1,0,0,0,0,0,0,0,0,0,0
1288,你在玩蠟燭！,你可以在剛達加茲向蠟販史奇克獲取蠟燭壯漢的啞鈴了。,解鎖玩具,25,18,656322,8,0,0,0,0,0,0,0,0,0,0,0
1293,輻光殘骸掉落量提高,現在「散布光芒」其中的稀有生物會掉落更多輻光殘骸。,輻光殘骸掉落量提高,26,8,5869871,10,0,0,0,0,0,0,0,0,0,0,0
1294,雕刻先驅者紋章,在米雷達爾與奧拉麗亞‧鐵擊交談來獲取15個雕刻先驅者紋章。這些東西可以用來提升物品等級。(需要等級80),解鎖雕刻先驅者紋章,26,16,5872028,0,1,0,0,0,0,0,0,0,0,0,0
1301,雕刻先驅者紋章,在米雷達爾與奧拉麗亞‧鐵擊交談來獲取15個雕刻先驅者紋章。這些東西可以用來提升物品等級。(需要等級80),解鎖雕刻先驅者紋章,26,22,5872028,0,0,0,0,0,0,0,0,0,0,0,0
1302,一箱共鳴水晶,在米雷達爾與奧拉麗亞‧鐵擊交談來獲取一箱共鳴水晶。,共鳴水晶已解鎖,26,23,2967113,8,2,0,0,0,0,0,0,0,0,0,0
1307,雕刻紋章,在織絲者巢穴與維娜茲安女士交談來獲取15個雕刻紋章。這些東西可以用來提升物品等級。(需要等級80),解鎖雕刻紋章,27,21,5872028,0,1,0,0,0,0,0,0,0,0,0,123475
1309,滿溢卡吉錢包,在織絲者巢穴與維娜茲安女士交談來獲取滿溢卡吉錢包,可使用卡吉,27,22,4549280,8,2,0,0,0,0,0,0,0,0,0,123475
1311,強襲之王單片眼鏡,|cFF00ccff巨龍崛起外觀|r|n|n解鎖強襲之王單片眼鏡外觀。|n|n「讓你只用獨眼也能看得清清楚楚。」,解鎖新的外觀,23,38,5689350,0,0,0,0,0,218283,0,0,0,0,0,0
1312,強襲之王外袍,|cFF00ccff巨龍崛起外觀|r|n|n解鎖強襲之王外袍外觀。|n|n「你證明了你是一名稱職的海盜，也是桶腿船長心目中的愛將。驕傲地展示出船長對你的青睞吧。」,解鎖新的外觀,23,40,5690395,0,1,0,0,0,218284,0,0,0,0,0,0
1314,[DNT],[DNT],[DNT] Delves Renown Unlocked,28,0,236376,8,0,0,0,0,0,0,0,0,0,0,0
1315,探究者飛船結構圖：燈籠機翼,你可在多恩諾加向里諾‧傑克森索取探究者飛船的燈籠機翼結構圖。,[DNT],28,1,2915721,8,0,0,454473,0,0,0,0,0,0,0,0
1316,探究者飛船結構圖：排氣,你可在多恩諾加向里諾‧傑克森索取探究者飛船的排氣結構圖。,[DNT],28,2,2915721,8,0,0,0,0,0,0,0,0,0,0,0
1317,探究者飛船結構圖：燈籠船頭,你可在多恩諾加向里諾‧傑克森索取探究者飛船的燈籠船頭結構圖。,[DNT],28,3,2915721,8,0,0,0,0,0,0,0,0,0,0,0
1318,探究者飛船結構圖：飛艇,你可在多恩諾加向里諾‧傑克森索取探究者飛船的飛艇結構圖。,[DNT],28,4,2915721,8,0,0,0,0,0,0,0,0,0,0,0
1319,探究者飛船結構圖：棕色塗料,你可在多恩諾加向里諾‧傑克森索取探究者飛船的棕色塗料結構圖。,[DNT],28,5,2915721,8,0,0,0,0,0,0,0,0,0,0,0
1320,信任之帽,你可在多恩諾加向里諾‧傑克森索取信任之帽。將帽子丟給一位盟友以求好運！,[DNT],28,6,5512349,8,0,0,0,0,0,0,0,0,0,0,0
1321,可購買復原的寶庫鑰匙,你現在可在多恩諾加向芬利爵士購買復原的寶庫鑰匙。,[DNT],28,7,4622270,8,0,0,0,0,0,0,0,0,0,0,0
1322,深藏其中的隱密藏匿物,內含5000個共鳴水晶,[DNT],28,8,2967113,8,0,0,0,0,0,0,0,0,0,0,0
1323,戰隊綁定裝備套裝,你可在多恩諾加向芬利爵士購買冒險者4/8戰隊裝備。,[DNT],28,9,5762015,8,0,0,0,0,0,0,0,0,0,0,0
1324,特價的復原的寶庫鑰匙,你現在可向芬利爵士以半價購買復原的寶庫鑰匙。,[DNT],28,10,648841,8,0,0,0,0,0,0,0,0,0,0,0
1334,獲取軍械II,你可在米雷達爾向奧拉麗亞‧鐵擊購買精兵護胸護甲(物品等級584)。,精兵護胸已解鎖,26,7,5660126,8,0,0,0,0,0,0,0,0,0,0,0
1335,勇氣石,在米雷達爾與奧拉麗亞‧鐵擊交談來獲得勇氣石。這些物品可用來向多恩諾加的庫佐斯與其他升級商人升級裝備。(需要等級80),勇氣石已解鎖,26,7,5868902,0,1,0,0,0,0,0,0,0,0,0,0
1336,勇氣石,在米雷達爾與奧拉麗亞‧鐵擊交談來獲得勇氣石。這些物品可用來向多恩諾加的庫佐斯與其他升級商人升級裝備。(需要等級80),勇氣石已解鎖,26,14,5868902,0,2,0,0,0,0,0,0,0,0,0,0
1337,獲取軍械III,你可在米雷達爾向奧拉麗亞‧鐵擊購買勇士手腕護甲(物品等級597)。,勇士護腕已解鎖,26,18,5660120,8,0,0,0,0,0,0,0,0,0,0,0
1338,勇氣石,在米雷達爾與奧拉麗亞‧鐵擊交談來獲得勇氣石。這些物品可用來向多恩諾加的庫佐斯與其他升級商人升級裝備。(需要等級80),勇氣石已解鎖,26,19,5868902,0,1,0,0,0,0,0,0,0,0,0,0
1339,一堆勇敢石頭,在剛達加茲與蠟販史奇克交談來獲得一堆勇敢石頭。勇氣石可用來向多恩諾加的庫佐斯與其他升級商人升級裝備。(需要等級80),勇氣石已解鎖,25,11,5868902,0,1,0,0,0,0,0,0,0,0,0,0
1340,勇氣石,在剛達加茲與蠟販史奇克交談來獲得勇氣石。這些物品可用來向多恩諾加的庫佐斯與其他升級商人升級裝備。(需要等級80),勇氣石已解鎖,25,16,5868902,0,1,0,0,0,0,0,0,0,0,0,0
1342,勇氣石,到多恩諾加與審計員巴烏茲交談來獲得勇氣石。這些物品可用來向多恩諾加的庫佐斯與其他升級商人升級裝備。(需要等級80),勇氣石已解鎖,24,7,5868902,0,2,0,0,0,0,0,0,0,0,0,0
1343,勇氣石,到多恩諾加與審計員巴烏茲交談來獲得勇氣石。這些物品可用來向多恩諾加的庫佐斯與其他升級商人升級裝備。(需要等級80),勇氣石已解鎖,24,17,5868902,0,1,0,0,0,0,0,0,0,0,0,0
1344,勇氣石,在織絲者巢穴與維娜茲安女士交談來獲得勇氣石。這些物品可用來向多恩諾加的庫佐斯與其他升級商人升級裝備。(需要等級80),勇氣石已解鎖,27,6,5868902,0,1,0,0,0,0,0,0,0,0,0,123475
1345,勇氣石,在織絲者巢穴與維娜茲安女士交談來獲得勇氣石。這些物品可用來向多恩諾加的庫佐斯與其他升級商人升級裝備。(需要等級80),勇氣石已解鎖,27,14,5868902,0,1,0,0,0,0,0,0,0,0,0,123475
1346,勇氣石,在織絲者巢穴與維娜茲安女士交談來獲得勇氣石。這些物品可用來向多恩諾加的庫佐斯與其他升級商人升級裝備。(需要等級80),勇氣石已解鎖,27,22,5868902,0,1,0,0,0,0,0,0,0,0,0,123475
1348,勇氣石,到多恩諾加與審計員巴烏茲交談來獲得勇氣石。這些物品可用來向多恩諾加的庫佐斯與其他升級商人升級裝備。(需要等級80),勇氣石已解鎖,24,22,5868902,0,1,0,0,0,0,0,0,0,0,0,0
1349,表演一定要繼續I,在舞臺與溫德琳交談，讓她在表演期間協助你，並讓你在持續時間內獲得速度提升。,解鎖舞臺演員,24,8,132288,10,0,0,0,0,0,0,0,0,0,0,0
1350,沾滿泥土的寶石,在多恩諾加與審計員巴烏茲交談來獲得一顆沾滿泥土的寶石。這可以在多恩諾加向歐希迪恩購買造型套裝。,解鎖沾滿泥土的寶石,24,8,4555612,8,1,0,0,0,0,0,0,0,0,0,0
1351,表演一定要繼續II,在舞臺與艾兒瑪交談，讓她在表演期間協助你，並讓你在持續時間內獲得點數。,解鎖舞臺演員,24,10,132288,10,1,0,0,0,0,0,0,0,0,0,0
1352,專業技能知識,你可以在多恩諾加向審計員巴烏茲取得鍊金術、鍛造、附魔與裁縫的專業技能知識。,解鎖專業技能知識,24,12,457654,8,0,0,0,0,0,0,0,0,0,0,0
1353,表演一定要繼續III,在舞臺與拉巴安交談來取得一個表演外使用的衣物箱。,解鎖舞臺演員,24,14,132288,10,0,0,0,0,0,0,0,0,0,0,0
1354,表演一定要繼續IV,在舞臺與伯克哈特交談，讓他在表演期間協助你，讓你獲得額外的共鳴水晶。,解鎖舞臺演員,24,21,132288,10,0,0,0,0,0,0,0,0,0,0,0
1355,忙忙蜂,你可以在多恩諾加向審計員巴烏茲索取悶燃燼蜂坐騎。,解鎖飛行坐騎,24,23,5633719,8,0,0,0,0,0,0,0,0,0,0,0
1356,一把亮晶晶又嗡嗡叫的東西,在剛達加茲與蠟販史奇克交談來獲取一把亮晶晶又嗡嗡叫的東西。,解鎖共鳴水晶,25,10,2967113,8,1,0,0,0,0,0,0,0,0,0,0
1357,狗頭人廚師,你可以在剛達加茲向蠟販史奇克取得大雜燴烹飪食譜。,烹飪食譜已解鎖,25,4,4549163,8,1,0,0,0,0,0,0,0,0,0,0
1358,嗅聞那一類的稀有遭遇,你現在在嗅聞期間可以遭遇稀有事件。,解鎖嗅聞事件,25,5,4743172,10,0,0,0,0,0,0,0,0,0,0,0
1359,蠟封陳舊紋章,在剛達加茲與蠟販史奇克交談來獲取蠟封陳舊紋章。這些東西可以用來換成15個陳舊先驅者紋章，以提升物品等級。(需要等級80),解鎖陳舊紋章,25,6,5872034,0,0,0,0,0,0,0,0,0,0,0,0
1360,一把亮晶晶又嗡嗡叫的東西,在剛達加茲與蠟販史奇克交談來獲取一把亮晶晶又嗡嗡叫的東西。,解鎖共鳴水晶,25,8,2967113,8,1,0,0,0,0,0,0,0,0,0,0
1361,一堆亮晶晶又嗡嗡叫的東西,在剛達加茲與蠟販史奇克交談來獲取一堆亮晶晶又嗡嗡叫的東西。,解鎖共鳴水晶,25,12,2967113,8,1,0,0,0,0,0,0,0,0,0,0
1362,拿走蠟燭！,在剛達加茲與蠟販史奇克交談來索取大蠟燭。這可以販賣給商人以換取金幣。,解鎖大蠟燭,25,13,454044,8,1,0,0,0,0,0,0,0,0,0,0
1363,沾滿泥土的寶石,在剛達加茲與蠟販史奇克交談來獲得一顆沾滿泥土的寶石。這可以在多恩諾加向歐希迪恩購買造型套裝。,解鎖沾滿泥土的寶石,25,15,4555612,8,0,0,0,0,0,0,0,0,0,0,0
1364,雕刻先驅者紋章,在剛達加茲與蠟販史奇克交談來獲取15個雕刻先驅者紋章。這些東西可以用來提升物品等級。(需要等級80),解鎖雕刻紋章,25,15,5872028,0,1,0,0,0,0,0,0,0,0,0,0
1365,每天都在嗅聞II,嗅聞寶藏現在會有額外獎勵。,升級嗅聞寶藏,25,16,4743172,10,0,0,0,0,0,0,0,0,0,0,0
1366,鑲滿寶石的燭臺,在剛達加茲與蠟販史奇克交談，以獲得一個鑲滿寶石的燭臺。你可以從燭台取下一顆沾滿泥土的寶石，來向多恩諾加的歐希迪恩購買造型套裝。,解鎖沾滿泥土的寶石,25,20,4555612,8,0,0,0,0,0,0,0,0,0,0,0
1367,拿走超大蠟燭！,在剛達加茲與蠟販史奇克交談來索取超巨大蠟燭。這可以販賣給商人以換取金幣。,解鎖超巨大蠟燭,25,21,133750,8,1,0,0,0,0,0,0,0,0,0,0
1369,共鳴水晶,在剛達加茲與蠟販史奇克交談來獲取一箱共鳴水晶。,解鎖共鳴水晶,25,22,2967113,8,0,0,0,0,0,0,0,0,0,0,0
1370,哇，亮晶晶！,你可以在剛達加茲向蠟販史奇克購買青藍微光蜱蟲。,解鎖飛行坐騎,25,23,5550860,8,0,0,0,0,0,0,0,0,0,0,0
1371,一大堆亮晶晶又嗡嗡叫的東西,在剛達加茲與蠟販史奇克交談來獲取一大堆亮晶晶又嗡嗡叫的東西。,解鎖共鳴水晶,25,24,2967113,8,1,0,0,0,0,0,0,0,0,0,0
1372,照亮道路I,你現在可以在散布光芒中協助燈火者。(需要達到80級),解鎖散布光芒,26,3,5681681,10,0,0,0,0,0,0,0,0,0,0,0
1373,你自己的引火盒I,在影叢葡萄園與琪菈‧弗蘭斯壯交談來開始名譽引火盒(物品等級571)的任務。,解鎖名譽引火盒任務,26,5,5665805,8,2,0,0,0,0,0,0,0,0,0,0
1374,沾滿泥土的寶石,在米雷達爾與奧拉麗亞‧鐵擊交談來獲得一顆沾滿泥土的寶石。這可以在多恩諾加向歐希迪恩購買造型套裝。,解鎖沾滿泥土的寶石,26,5,4555612,8,0,0,0,0,0,0,0,0,0,0,0
1375,照亮道路III,你現在可向聖落之地商人購買在散布光芒事件中使用的額外消耗品。,解鎖散布光芒額外消耗品,26,12,5681681,10,0,0,0,0,0,0,0,0,0,0,0
1376,你自己的引火盒II,在米雷達爾與瑞恩‧唐卡瓦莉爾交談來開始強化引火盒(物品等級584)的任務。,解鎖強化引火盒任務,26,11,5665805,8,0,0,0,0,0,0,0,0,0,0,0
1377,專業技能知識,你現在可在米雷達爾向奧拉麗亞‧鐵擊獲取珠寶設計、草藥學、剝皮與製皮的專業技能知識。,解鎖專業技能知識,26,14,457654,8,0,0,0,0,0,0,0,0,0,0,0
1378,沾滿泥土的寶石,在米雷達爾與奧拉麗亞‧鐵擊交談來獲得一顆沾滿泥土的寶石。這可以在多恩諾加向歐希迪恩購買造型套裝。,解鎖沾滿泥土的寶石,26,20,4555612,8,0,0,0,0,0,0,0,0,0,0,0
1379,你自己的引火盒III,在米雷達爾與神秘的孩童交談來開始晦暗引火盒(物品等級597)的任務。,解鎖晦暗引火盒任務,26,22,5665805,8,0,0,0,0,0,0,0,0,0,0,0
1380,縛住所有人的光,你現在可在米雷達爾向奧拉麗亞‧鐵擊索取桎梏暗影。,解鎖飛行坐騎,26,23,5767209,8,0,0,0,0,0,0,0,0,0,0,0
1381,尋找巴雷達爾,你可在米雷達爾向奧拉麗亞‧鐵擊獲取巴雷達爾同調。這能幫助你找出巴雷達爾的產物。,解鎖巴雷達爾同調,26,23,134399,8,1,0,0,0,0,0,0,0,0,0,0
1382,解鎖卡吉商人,你現在可在阿茲-卡罕特與收取卡吉的商人交易。,解鎖卡吉商人,27,2,4549280,10,0,0,0,0,0,0,0,0,0,0,0
1385,陳舊先驅者紋章,在織絲者巢穴與維娜茲安女士交談來獲取15個陳舊紋章。這些東西可以用來提升物品等級。(需要等級80),解鎖陳舊紋章,27,6,5872034,8,0,0,0,0,0,0,0,0,0,0,123475
1386,沾滿泥土的寶石,在織絲者巢穴與維娜茲安女士交談來獲得一顆沾滿泥土的寶石。這可以在多恩諾加向歐希迪恩購買造型套裝。,解鎖沾滿泥土的寶石,27,20,4555612,8,0,0,0,0,0,0,0,0,0,0,123475
1387,墜入深淵II,你可以在織絲者巢穴向維娜茲安女士索取青綠群居蜱。,解鎖飛行坐騎,27,23,5172872,8,0,0,0,0,0,0,0,0,0,0,123475
1388,土靈工作場,你可以向多恩諾加的審計員巴烏茲取得颶縛護甲片、附魔胸甲 - 議會智力與合約：多恩諾加議會的配方。,解鎖專業技能配方,24,5,4549163,8,0,0,0,0,0,0,0,0,0,0,0
1389,沾滿泥土的寶石,在多恩諾加與審計員巴烏茲交談來獲得一顆沾滿泥土的寶石。這可以在多恩諾加向歐希迪恩購買造型套裝。,解鎖沾滿泥土的寶石,24,4,4555612,8,0,0,0,0,0,0,0,0,0,0,0
1390,人工智慧,你可以向剛達加茲的蠟販史奇克取得合約：多恩諾加議會與圖樣：尋皮者手提包的配方。,解鎖專業技能配方,25,3,4549163,8,1,0,0,0,0,0,0,0,0,0,0
1391,虛無點亮的教誨,你可以向米雷達爾的奧拉麗亞‧鐵擊取得附魔靴子 - 斥候行軍、合約：聖落之地阿拉希與設計圖：充能巨刃劍的配方。,解鎖專業技能配方,26,4,237019,8,0,0,0,0,0,0,0,0,0,0,0
1392,奈幽蟲族的教誨,你可以向織絲者巢穴的維娜茲安女士取得深邃毒素之油、阿爾加鍊金石與合約：斷裂絲線的配方。,解鎖專業技能配方,27,4,237019,8,0,0,0,0,0,0,0,0,0,0,123475
1393,深淵設計I,你可在剛達加茲向蠟販史奇克索取74級項鍊(物品等級509)。,解鎖升級項鍊,25,2,415052,8,1,0,0,0,0,0,0,0,0,0,0
1394,議會收藏I,你可在多恩諾加向審計員巴烏茲索取72級披風(物品等級467)。,解鎖升級披風,24,2,5660121,8,1,0,0,0,0,0,0,0,0,0,0
1395,獲取軍械I,你可在米雷達爾向奧拉麗亞‧鐵擊索取76級手部護甲(物品等級528)。,解鎖升級護手,26,2,5648231,8,1,0,0,0,0,0,0,0,0,0,0
1396,閃亮的玩意兒I,你可在織絲者巢穴向維娜茲安女士索取78級戒指(物品等級541)。,解鎖升級戒指,27,2,1716859,8,1,0,0,0,0,0,0,0,0,0,123475
1397,岩石與翻滾,你可以在多恩諾加向審計員巴烏茲索取岩崩法師之石了。,解鎖玩具,24,14,519379,8,1,0,0,0,0,0,0,0,0,0,0
1398,雕刻先驅者紋章,在剛達加茲與蠟販史奇克交談來獲取15個雕刻先驅者紋章。這些東西可以用來提升物品等級。(需要等級80),解鎖雕刻紋章,25,21,5872028,0,0,0,0,0,0,0,0,0,0,0,0
1399,一堆勇敢石頭,在剛達加茲與蠟販史奇克交談來獲得一堆勇敢石頭。勇氣石可用來向多恩諾加的庫佐斯與其他升級商人升級裝備。(需要等級80),勇氣石已解鎖,25,22,5868902,0,1,0,0,0,0,0,0,0,0,0,0
1400,雕刻先驅者紋章,在剛達加茲與蠟販史奇克交談來獲取15個雕刻先驅者紋章。這些東西可以用來提升物品等級。(需要等級80),解鎖雕刻紋章,25,23,5872028,0,1,0,0,0,0,0,0,0,0,0,0
1401,狗頭人紋章,在剛達加茲與蠟販史奇克交談，獲得一個狗頭人紋章。這可用來發掘附魔符文先驅者紋章，它可當作額外材料並將製作物品等級提高至606。(需要等級80),附魔符文先驅者紋章已解鎖,25,24,5872033,8,1,0,0,0,0,0,0,0,0,0,0
1402,一堆勇敢石頭,在剛達加茲與蠟販史奇克交談來獲得一堆勇敢石頭。勇氣石可用來向多恩諾加的庫佐斯與其他升級商人升級裝備。(需要等級80),勇氣石已解鎖,25,25,5868902,0,1,0,0,0,0,0,0,0,0,0,0
1403,起火！,你可以在米雷達爾向奧拉麗亞‧鐵擊索取燃燒之光試煉了。,解鎖玩具,26,17,5764902,8,0,0,0,0,0,0,0,0,0,0,0
1404,紡織,你可以在織絲者巢穴向維娜茲安女士索取蜘蛛血清了。,解鎖玩具,27,17,1385268,8,0,0,0,0,0,0,0,0,0,0,123475
1405,閃亮的玩意兒I,你可在織絲者巢穴向伊特希索取78級戒指(物品等級541)。,解鎖升級戒指,27,2,1716859,8,1,0,0,0,0,0,0,0,0,0,123476
1406,小卡吉錢包,在織絲者巢穴與伊特希交談來獲取小卡吉錢包。,可使用卡吉,27,3,4549280,8,2,0,0,0,0,0,0,0,0,0,123476
1407,奈幽蟲族的教誨,你可以向織絲者巢穴的伊特希取得深邃毒素之油、阿爾加鍊金石與合約：斷裂絲線的配方。,解鎖專業技能配方,27,4,237019,8,0,0,0,0,0,0,0,0,0,0,123476
1408,持絲者披風,你可以在織絲者巢穴向伊特希索取造型披風了。,解鎖披風外觀,27,5,5656529,8,0,0,0,0,0,0,0,0,0,0,123476
1409,閃亮的玩意兒II,你可在織絲者巢穴向伊特希索取冒險者奈幽蟲族費洛蒙分泌器官(物品等級571)。,冒險者飾品已解鎖,27,7,609899,8,0,0,0,0,0,0,0,0,0,0,123476
1410,陳舊先驅者紋章,在織絲者巢穴與伊特希交談來獲取15個陳舊紋章。這些東西可以用來提升物品等級。(需要等級80),解鎖陳舊紋章,27,6,5872034,8,0,0,0,0,0,0,0,0,0,0,123476
1411,勇氣石,在織絲者巢穴與伊特希交談來獲得勇氣石。這些物品可用來向多恩諾加的庫佐斯與其他升級商人升級裝備。(需要等級80),解鎖勇氣石,27,6,5868902,0,1,0,0,0,0,0,0,0,0,0,123476
1412,小卡吉錢包,在織絲者巢穴與伊特希交談來獲取小卡吉錢包。,可使用卡吉,27,8,4549280,8,1,0,0,0,0,0,0,0,0,0,123476
1413,陳舊先驅者紋章,在織絲者巢穴與伊特希交談來獲取15個陳舊紋章。這些東西可以用來提升物品等級。(需要等級80),解鎖陳舊紋章,27,9,5872034,0,1,0,0,0,0,0,0,0,0,0,123476
1414,沾滿泥土的寶石,在織絲者巢穴與伊特希交談來獲得一顆沾滿泥土的寶石。這可以在多恩諾加向歐希迪恩購買造型套裝。,解鎖沾滿泥土的寶石,27,9,4555612,8,0,0,0,0,0,0,0,0,0,0,123476
1415,大卡吉錢包,在織絲者巢穴與伊特希交談來獲取大卡吉錢包。,可使用卡吉,27,10,4549280,8,1,0,0,0,0,0,0,0,0,0,123476
1416,斷裂絲線外袍,在織絲者巢穴與伊特希交談來獲取斷裂絲線外袍。,解鎖斷裂絲線外袍,27,10,5656531,0,0,0,0,0,0,0,0,0,0,0,123476
1417,閃亮的玩意兒III,你可在織絲者巢穴向伊特希索取精兵奈幽蟲族費洛蒙分泌器官(物品等級584)。,解鎖精兵飾品,27,11,609899,8,0,0,0,0,0,0,0,0,0,0,123476
1418,雕刻紋章,在織絲者巢穴與伊特希交談來獲取15個雕刻紋章。這些東西可以用來提升物品等級。(需要等級80),解鎖雕刻紋章,27,12,5872028,8,0,0,0,0,0,0,0,0,0,0,123476
1419,復原的寶庫鑰匙,在織絲者巢穴與伊特希交談來獲取復原的寶庫鑰匙。(需要等級80),解鎖復原的寶庫鑰匙,27,13,4622271,0,0,0,0,0,0,0,0,0,0,0,123476
1420,大卡吉錢包,在織絲者巢穴與伊特希交談來獲取大卡吉錢包。,可使用卡吉,27,14,4549280,8,2,0,0,0,0,0,0,0,0,0,123476
1421,勇氣石,在織絲者巢穴與伊特希交談來獲得勇氣石。這些物品可用來向多恩諾加的庫佐斯與其他升級商人升級裝備。(需要等級80),解鎖勇氣石,27,14,5868902,0,1,0,0,0,0,0,0,0,0,0,123476
1422,跳過圈環,你可以在織絲者巢穴向伊特希索取跳跳。,解鎖戰寵,27,15,5755547,8,0,0,0,0,0,0,0,0,0,0,123476
1423,持絲者肩鎧,你可以在織絲者巢穴向伊特希索取造型護肩了。,解鎖造型護肩,27,16,5656530,8,0,0,0,0,0,0,0,0,0,0,123476
1424,紡織,你可以在織絲者巢穴向伊特希索取蜘蛛血清了。,解鎖玩具,27,17,1385268,8,0,0,0,0,0,0,0,0,0,0,123476
1425,雕刻紋章,在織絲者巢穴與伊特希交談來獲取15個雕刻紋章。這些東西可以用來提升物品等級。(需要等級80),解鎖雕刻紋章,27,18,5872028,0,1,0,0,0,0,0,0,0,0,0,123476
1426,滿溢卡吉錢包,在織絲者巢穴與伊特希交談來獲取滿溢卡吉錢包。,可使用卡吉,27,18,4549280,8,2,0,0,0,0,0,0,0,0,0,123476
1427,閃亮的玩意兒IV,你可在織絲者巢穴向伊特希索取勇士奈幽蟲族費洛蒙分泌器官(物品等級597)。,解鎖勇士飾品,27,19,609899,8,0,0,0,0,0,0,0,0,0,0,123476
1428,沾滿泥土的寶石,在織絲者巢穴與伊特希交談來獲得一顆沾滿泥土的寶石。這可以在多恩諾加向歐希迪恩購買造型套裝。,解鎖沾滿泥土的寶石,27,20,4555612,8,0,0,0,0,0,0,0,0,0,0,123476
1429,雕刻紋章,在織絲者巢穴與伊特希交談來獲取15個雕刻紋章。這些東西可以用來提升物品等級。(需要等級80),解鎖雕刻紋章,27,21,5872028,0,1,0,0,0,0,0,0,0,0,0,123476
1430,墜入深淵I,你可以在織絲者巢穴向伊特希索取兇猛的爬顎者了。,解鎖陸行坐騎,27,22,5688855,8,0,0,0,0,0,0,0,0,0,0,123476
1431,滿溢卡吉錢包,在織絲者巢穴與伊特希交談來獲取滿溢卡吉錢包,可使用卡吉,27,22,4549280,8,2,0,0,0,0,0,0,0,0,0,123476
1432,勇氣石,在織絲者巢穴與伊特希交談來獲得勇氣石。這些物品可用來向多恩諾加的庫佐斯與其他升級商人升級裝備。(需要等級80),解鎖勇氣石,27,22,5868902,0,1,0,0,0,0,0,0,0,0,0,123476
1433,墜入深淵II,你可以在織絲者巢穴向伊特希索取青綠群居蜱。,解鎖飛行坐騎,27,23,5172872,8,0,0,0,0,0,0,0,0,0,0,123476
1434,英勇獎勵,到織絲者巢穴與維娜茲安女士談話，獲得附魔符文先驅者紋章。這可用來當作額外材料，將製作物品等級提高至606。(需要等級80),解鎖附魔符文先驅者紋章,27,24,5872033,8,0,0,0,0,0,0,0,0,0,0,123476
1435,約定就是約定,你已開始獲取幽坑城集團的名望。,解鎖幽坑城集團名望,29,1,6252691,8,0,0,0,0,0,0,0,0,0,0,0
1437,特價的復原的寶庫鑰匙,你現在可向芬利爵士以半價購買復原的寶庫鑰匙。,[DNT],31,9,648841,8,0,0,0,0,0,0,0,0,0,0,0
1438,戰隊綁定裝備套裝,你可在多恩諾加向芬利爵士購買精兵1/8戰隊裝備。,[DNT],31,8,5762015,8,0,0,0,0,0,0,0,0,0,0,0
1439,奮鬥之地,你可在多恩諾加向里諾‧傑克森索取戰隊的夜暮聖所營地。,[DNT],31,10,5770810,8,0,0,0,0,0,0,0,0,0,0,0
1440,可購買復原的寶庫鑰匙,現在你每週可在多恩諾加向芬利爵士購買2把復原的寶庫鑰匙。,[DNT],31,5,4622270,8,0,0,0,0,0,0,0,0,0,0,0
1441,探究機器人7001型,你可在多恩諾加向里諾‧傑克森索取探究機器人7001型。,[DNT],31,7,6383538,8,0,0,0,0,0,0,0,0,0,0,0
1442,探究者的哥布林奔走者結構圖：綠色塗料,你可在多恩諾加向里諾‧傑克森索取探究者的哥布林奔走者的綠色塗料結構圖。,[DNT],31,6,2915721,8,0,0,0,0,0,0,0,0,0,0,0
1443,探究者的哥布林奔走者結構圖：氣球,你可在多恩諾加向里諾‧傑克森索取探究者的哥布林奔走者的氣球結構圖。,[DNT],31,4,2915721,8,0,0,0,0,0,0,0,0,0,0,0
1444,探究者的哥布林奔走者結構圖：魚叉,你可在多恩諾加向里諾‧傑克森索取探究者的哥布林奔走者的魚叉結構圖。,[DNT],31,3,2915721,8,0,0,0,0,0,0,0,0,0,0,0
1445,探究者的哥布林奔走者結構圖：管線,你可在多恩諾加向里諾‧傑克森索取探究者的哥布林奔走者的管線結構圖。,[DNT],31,2,2915721,8,0,0,0,0,0,0,0,0,0,0,0
1446,探究者的哥布林奔走者結構圖：火焰噴射器,你可在多恩諾加向里諾‧傑克森索取探究者的哥布林奔走者的火焰噴射器結構圖。,[DNT],31,1,2915721,8,0,0,454473,0,0,0,0,0,0,0,0
1448,破爛的S.C.R.A.P.者I型,你已學會如何在垃圾場挖掘垃圾。為哥布林的聰明才智歡呼吧！,解鎖S.C.R.A.P.,29,2,134435,8,0,0,0,0,0,0,0,0,0,0,0
1449,其他人的垃圾…,你已解鎖在垃圾堆中尋找寶藏的技能。,解鎖潛入垃圾寶藏,29,4,132622,8,0,0,0,0,0,0,0,0,0,0,0
1450,專業技能配方,你可以在幽坑城的內陸飯店向斯馬克‧頂掠購買多個專業技能配方。,可購買專業技能配方,29,5,4549175,8,0,0,0,0,0,0,0,0,0,0,0
1451,王牌獵人,你已學會如何在幽坑城中找出更惡名昭彰的目標。,解鎖王牌狩獵,29,6,135615,8,0,0,0,0,0,0,0,0,0,0,0
1452,破爛的S.C.R.A.P.者II型,提高你在垃圾場挖掘的速度，而你也可以向卡迦冷卻機購買X級卡迦可樂，來獲得更多垃圾場增益效果。,解鎖S.C.R.A.P.升級,29,7,4621586,8,0,0,0,0,0,0,0,0,0,0,0
1453,高級奧客,到幽坑城的內陸飯店與斯馬克‧頂掠對話，來學會如何與線人討價還價，並在運送和搬運途中完成連續工作時，有50%機率獲得更多的獎勵。,解鎖運送和搬運升級,29,8,252181,8,0,0,0,0,0,0,0,0,0,0,0
1454,復原的寶庫鑰匙,到幽坑城的內陸飯店與斯馬克‧頂掠對話，來獲取一把復原的寶庫鑰匙。,解鎖復原的寶庫鑰匙,29,9,4622271,8,0,0,0,0,0,0,0,0,0,0,0
1456,破爛的S.C.R.A.P.者III型,到幽坑城的內陸飯店與斯馬克‧頂掠對話，來學會在協助S.C.R.A.P.時，如何找到沾滿汙穢的東西。,解鎖S.C.R.A.P.升級,29,11,348555,8,0,0,0,0,0,0,0,0,0,0,0
1457,協商大師,到幽坑城的內陸飯店與斯馬克‧頂掠對話，來學會如何進一步討價還價，並在運送和搬運途中完成連續工作時，必定獲得額外的獎勵。,解鎖運送和搬運升級,29,12,252181,8,0,0,0,0,0,0,0,0,0,0,0
1458,…是我的珍寶,到幽坑城的內陸飯店與斯馬克‧頂掠對話，來學會垃圾桶挖寶，並挖掘其中有價值的材料。,解鎖垃圾桶挖寶,29,13,132766,8,0,0,0,0,0,0,0,0,0,0,0
1459,卡迦可樂收藏家I,現在你在協助S.C.R.A.P.時，有小機率挖到舊款卡迦可樂瓶。,解鎖S.C.R.A.P.升級,29,14,132808,8,0,0,0,0,0,0,0,0,0,0,0
1460,取得成功,到幽坑城的內陸飯店與斯馬克‧頂掠對話，來購買一雙勇士I手套(物品等級636)。,解鎖勇士手套,29,14,6350872,8,1,0,0,0,0,0,0,0,0,0,0
1461,卡迦可樂收藏家II,現在你可以購買X級卡迦可樂特大罐和多瓶裝的卡迦可樂，來給予在垃圾場的你和周圍其他人更強大的增益效果。,解鎖S.C.R.A.P.升級,29,16,132807,8,0,0,0,0,0,0,0,0,0,0,0
1462,幽坑城制服,到幽坑城的內陸飯店與斯馬克‧頂掠對話，來購買多件造型護甲和套裝。,解鎖造型衣裝,29,17,5900393,8,0,0,0,0,0,0,0,0,0,0,0
1463,飛到高空……或墜落地面,到幽坑城的內陸飯店與斯馬克‧頂掠對話，來購買一個噴射背包造型披風。警告：不保證安全。,解鎖噴射背包造型披風,29,18,6220382,8,0,0,0,0,0,0,0,0,0,0,0
1464,哥布林的才智,到幽坑城的內陸飯店與斯馬克‧頂掠對話，來為你的G99斷頸者購買一個新引擎。,可購買G99斷頸者部件,29,19,6383559,8,0,0,0,0,0,0,0,0,0,0,0
1465,不對失去生命或肢體負責,你可使用「炸彈客」頭銜來展現你對幽坑城集團的貢獻。,解鎖頭銜,29,20,6252691,8,0,0,0,0,0,0,0,0,0,0,0
1466,耀眼的閃光I,到幽坑城的內陸飯店與斯馬克‧頂掠對話，來獲取一捆共鳴水晶。,解鎖共鳴水晶,29,4,2967113,8,1,0,0,0,0,0,0,0,0,0,0
1467,時間就是金錢I,到幽坑城的內陸飯店與斯馬克‧頂掠對話，來獲取一捆勇氣石。,解鎖勇氣石,29,3,5868902,8,0,0,0,0,0,0,0,0,0,0,0
1468,陳舊幽坑城紋章,到幽坑城的內陸飯店與斯馬克‧頂掠對話，來獲取一袋陳舊幽坑城紋章。,解鎖陳舊紋章,29,6,5872053,8,1,0,0,0,0,0,0,0,0,0,0
1469,繼續向前,到幽坑城的內陸飯店與斯馬克‧頂掠對話，來購買一雙精兵I足部物品(物品等級623)。,解鎖精兵足部裝備,29,7,6352161,8,1,0,0,0,0,0,0,0,0,0,0
1470,耀眼的閃光II,到幽坑城的內陸飯店與斯馬克‧頂掠對話，來獲取一捆共鳴水晶。,解鎖共鳴水晶,29,8,2967113,8,1,0,0,0,0,0,0,0,0,0,0
1471,陳舊幽坑城紋章,到幽坑城的內陸飯店與斯馬克‧頂掠對話，來獲取一袋陳舊幽坑城紋章。,解鎖陳舊紋章,29,9,5872053,8,1,0,0,0,0,0,0,0,0,0,0
1472,幽坑城外袍,到幽坑城的內陸飯店與斯馬克‧頂掠對話，來獲取一件可展現你對幽坑城集團之貢獻的外袍。他們很期待你能持續協助他們。,解鎖幽坑城集團外袍,29,10,5900397,8,0,0,0,0,0,0,0,0,0,0,0
1473,時間就是金錢II,到幽坑城的內陸飯店與斯馬克‧頂掠對話，來獲取一袋勇氣石。,解鎖勇氣石,29,11,5868902,8,2,0,0,0,0,0,0,0,0,0,0
1474,雕刻幽坑城紋章,到幽坑城的內陸飯店與斯馬克‧頂掠對話，來獲取一袋雕刻幽坑城紋章。,解鎖雕刻紋章,29,12,5872047,8,1,0,0,0,0,0,0,0,0,0,0
1475,C.H.E.T.T.啟動,到幽坑城的內陸飯店與C.H.E.T.T.對話，來獲得列有可完成活動並可獲取獎勵的C.H.E.T.T.清單。,解鎖C.H.E.T.T.清單,29,13,134391,8,1,0,0,0,0,0,0,0,0,0,0
1476,可不是鬧著玩的,你可以在幽坑城的內陸飯店向斯馬克‧頂掠購買土狼陸行坐騎。,可購買土狼坐騎,29,15,5912682,8,0,0,0,0,0,0,0,0,0,0,0
1477,解鎖雕刻紋章,到幽坑城的內陸飯店與斯馬克‧頂掠對話，來獲取一袋雕刻幽坑城紋章。,解鎖雕刻紋章,29,15,5872047,8,1,0,0,0,0,0,0,0,0,0,0
1478,專業技能知識書籍,到幽坑城的內陸飯店與斯馬克‧頂掠對話，來購買知識書籍，讓你的專業技能專精提高10點。,可購買一次性的專業技能知識書籍,29,16,4624730,8,1,0,0,0,0,0,0,0,0,0,0
1479,時間就是金錢III,到幽坑城的內陸飯店與斯馬克‧頂掠對話，來獲取大量勇氣石。,解鎖勇氣石,29,17,5868902,8,1,0,0,0,0,0,0,0,0,0,0
1480,雕刻幽坑城紋章,到幽坑城的內陸飯店與斯馬克‧頂掠對話，來獲取一袋雕刻幽坑城紋章。,解鎖雕刻紋章,29,18,5872047,8,1,0,0,0,0,0,0,0,0,0,0
1481,火箭人,到幽坑城的內陸飯店與斯馬克‧頂掠對話，來購買可當作動態坐騎的超大型火箭。飛行時請注意安全。,可購買火箭坐騎,29,19,6043869,8,1,0,0,0,0,0,0,0,0,0,0
1482,附魔符文幽坑城紋章,到幽坑城的內陸飯店與斯馬克‧頂掠對話，來獲取一個附魔符文幽坑城紋章。這個紋章可用來製作多個專業技能的高級裝備。,解鎖附魔符文紋章,29,20,5872052,8,1,0,0,0,0,0,0,0,0,0,0
1483,常勝軍,你在加樂宮的運氣讓你獲得了「賭豪」頭銜。現在如果有地方花掉那些金子就好了…,解鎖頭銜,32,20,6012100,8,1,0,0,0,0,0,0,0,0,0,0
1484,加碼,開始從加樂宮忠誠獎勵俱樂部獲得名望。,解鎖加樂宮忠誠獎勵俱樂部名望,32,1,466718,8,1,0,0,0,0,0,0,0,0,0,0
1485,專業人士I,解鎖內陸飯店頂樓的工作臺、商人和製作訂單專家。,解鎖工作臺和商人,32,1,4620673,8,2,0,0,0,0,0,0,0,0,0,0
1486,靠過來,能在內陸飯店中使用壞掉的符文配給器，讓你每週有一次可獲得結晶增強符文的機會。,解鎖增強符文配給器,32,2,4549102,8,1,0,0,0,0,0,0,0,0,0,0
1487,我們可以外帶嗎？,在解放幽坑城中，吃東西的速度提高100%。,解鎖更快的吃東西速度,32,2,3671897,8,2,0,0,0,0,0,0,0,0,0,0
1488,專業人士II,在內陸飯店內贏得拉瑟‧菲斯特的尊敬，讓你可以進行塑形。,解鎖塑形師,32,3,1602705,8,0,0,0,0,0,0,0,0,0,0,0
1489,回禮,在內陸飯店裡與寶菈‧比蘭華對話，來獲取一張加樂宮獎勵卡，讓你在解放幽坑城中使用時可以回到內陸飯店。,解鎖獎勵卡,32,4,3718248,8,1,0,0,0,0,0,0,0,0,0,0
1490,忠實客戶I,當你在解放幽坑城中時，你戰隊造成的傷害和治療效果提高3%。總得有個起頭！,提高傷害和治療效果,32,4,3718248,8,2,0,0,0,0,0,0,0,0,0,0
1492,時間就是金錢I,當你在解放幽坑城中脫離戰鬥時，移動速度提高10%。趕快做事！,提高脫離戰鬥的移動速度,32,6,369214,8,1,0,0,0,0,0,0,0,0,0,0
1493,起來了，傭兵,使用集團起搏器來讓你脫離戰鬥的勞累，讓你以10%的生命力復活。你還要放火燒城呢。,解鎖起搏器,32,6,4548869,8,2,0,0,0,0,0,0,0,0,0,0
1494,忠實客戶II,把你的加樂宮獎勵卡升至黃金級，使你的戰隊在解放幽坑城中時，造成的傷害和治療效果提高6%。黃金永不滅！,提高傷害和治療效果,32,7,466718,8,0,0,0,0,0,0,0,0,0,0,0
1495,頂尖玩家特權,擊敗薇克希和齒輪幫後，如果你已經在當前難度下擊敗瑪格吉至少一次，藍透‧扣鏈會載你到「貴賓專用」入口，讓你能輕鬆進到加樂宮後面的房間。,解鎖跳過團隊副本,32,5,133100,8,0,0,0,0,0,0,0,0,0,0,0
1496,專業人士III,斯尼克‧長袋和絲琦朵‧螺絲傑克現在會在兇殘大鍋外販售托克和弗雷倫多的周邊商品。,解鎖大鍋商人,32,9,463874,8,0,0,0,0,0,0,0,0,0,0,0
1497,忠實客戶III,把你的加樂宮獎勵卡升至白金級，使你的戰隊在解放幽坑城中時，造成的傷害和治療效果提高9%。上啊，白金幫！,提高傷害和治療效果,32,10,636340,8,0,0,0,0,0,0,0,0,0,0,0
1498,時間就是金錢II,當你在解放幽坑城中脫離戰鬥時，你的移動速度提高20%。挑戰上門啦！,提高脫離戰鬥的移動速度,32,11,369214,8,1,0,0,0,0,0,0,0,0,0,0
1499,籌碼服務I,獲得一枚偽造品商人代幣，讓你可向內陸飯店裡的『老鼠』桑多交換一件自選的造型外觀。好好挑個好看的吧！,解鎖塑形代幣,32,11,6383483,8,2,0,0,0,0,0,0,0,0,0,0
1500,專業人士IV,在內陸飯店跟米基‧廢饗交談來購買他的特製辣醬，提高你在解放幽坑城中使用消耗品的效果強度。夠嗆！,解鎖強化消耗品,32,12,615339,8,0,0,0,0,0,0,0,0,0,0,0
1501,忠實客戶IV,把你的加樂宮獎勵卡升至黑卡級，使你的戰隊在解放幽坑城中時，造成的傷害和治療效果提高12%。全都加入黑卡幫吧！,提高傷害和治療效果,32,13,3718249,8,0,0,0,0,0,0,0,0,0,0,0
1502,靠過來II,壞掉的符文配給器已經修復完畢，現在會至少給予一個結晶增強符文。重複使用有機會最多獲得3個。過程中若有任何損失，加樂宮一概不負責。,修復增強符文配給器,32,14,4549102,8,0,0,0,0,0,0,0,0,0,0,0
1503,籌碼服務II,再獲得一枚偽造品商人代幣來交換一個自選造型外觀。再來一個吧！,解鎖塑形代幣,32,15,6383483,8,1,0,0,0,0,0,0,0,0,0,0
1504,兌現,獨臂強盜現在被擊敗時有機會掉落偽造品商人代幣。只要打得贏，就有機會可以買！,解鎖掉落的塑形籌碼,32,15,6392624,8,2,0,0,0,0,0,0,0,0,0,0
1505,忠實客戶V,把你的加樂宮獎勵卡升至鑽石級，使你的戰隊在解放幽坑城中時，造成的傷害和治療效果提高15%。鑽石卡永流傳！,提高傷害和治療效果,32,16,3717273,8,0,0,0,0,0,0,0,0,0,0,0
1506,廢料場之犬,你可以在內陸飯店向『槍手』安多索取暗融咬嚼者了。,解鎖坐騎,32,17,5912679,8,0,0,0,0,0,0,0,0,0,0,0
1507,專業人士V,獲得疾頓‧匙叉的敬重，讓你能在內陸飯店中使用拍賣場功能。,解鎖拍賣師,32,18,463874,8,1,0,0,0,0,0,0,0,0,0,0
1508,時間就是金錢III,當你在解放幽坑城中脫離戰鬥時，你的移動速度提高30%。開工啦！,提高脫離戰鬥的移動速度,32,18,369214,8,2,0,0,0,0,0,0,0,0,0,0
1509,忠實客戶VI,把你的加樂宮獎勵卡升至傳說級，使你的戰隊在解放幽坑城中時，造成的傷害和治療效果提高18%。哇！傳說金卡！,提高傷害和治療效果,32,19,1551372,8,1,0,0,0,0,0,0,0,0,0,0
1511,我們的門是敞開的,獲得隨時可傳送到解放幽坑城的能力。因為只要你在這裡，就是花錢家庭的一份子。,解鎖團隊副本傳送門,32,20,6392630,8,2,0,0,0,0,0,0,0,0,0,0
1512,『狂怒者』弗雷倫多！,在解放幽坑城中的兇殘大鍋和威尼‧斯威茲交談，來收集可當作坐騎的弗雷倫多鑰匙。大秀光彩吧！,解鎖弗雷倫多坐騎,32,20,6383463,8,3,0,0,0,0,0,0,0,0,0,0
1524,阿拉希軍用補給,與拉思‧布朗梅特對話，領取你應得的共鳴水晶。,,33,2,236379,8,2,0,0,0,0,0,0,0,0,0,0
1525,阿拉希軍用補給,與拉思‧布朗梅特對話，領取你應得的共鳴水晶。,,33,3,236379,8,2,0,0,0,0,0,0,0,0,0,0
1526,阿拉希軍用補給,與拉思‧布朗梅特對話，領取你應得的共鳴水晶。,,33,4,236379,8,2,0,0,0,0,0,0,0,0,0,0
1527,阿拉希軍用補給,與拉思‧布朗梅特對話，領取你應得的共鳴水晶。,,33,5,236379,8,2,0,0,0,0,0,0,0,0,0,0
1528,阿拉希軍用補給,與拉思‧布朗梅特對話，領取你應得的共鳴水晶。,,33,6,236379,8,2,0,0,0,0,0,0,0,0,0,0
1529,阿拉希軍用補給,與拉思‧布朗梅特對話，領取你應得的共鳴水晶。,,33,7,236379,8,2,0,0,0,0,0,0,0,0,0,0
1530,阿拉希軍用補給,與拉思‧布朗梅特對話，領取你應得的共鳴水晶。,,33,8,236379,8,2,0,0,0,0,0,0,0,0,0,0
1531,阿拉希軍用補給,與拉思‧布朗梅特對話，領取你應得的共鳴水晶。,,33,9,236379,8,2,0,0,0,0,0,0,0,0,0,0
1532,阿拉希軍用補給,與拉思‧布朗梅特對話，領取你應得的共鳴水晶。,,33,10,236379,8,2,0,0,0,0,0,0,0,0,0,0
1535,頭銜：哨衛,你已經獲得「哨衛」頭銜。,頭銜：哨衛,33,5,6694197,8,1,0,0,0,0,0,0,0,0,0,0
1542,頭銜：神聖聖殿騎士,你已經獲得「神聖聖殿騎士」頭銜。,頭銜：神聖聖殿騎士,33,10,6694197,8,1,0,0,0,0,0,0,0,0,0,0
1543,聖焰輝光,你正式參軍了！與拉思‧布朗梅特談話，領取聖輝新兵的外袍。此外，在卡茲阿爾加境內，你還能獲得聖焰結界。,解鎖聖焰輝光名望,33,1,6255282,8,0,0,0,0,0,0,0,0,0,0,0
1544,驅逐黑暗,你的軍階晉升了！與拉思‧布朗梅特談話，領取聖輝堅兵的外袍。此外，聖焰結界也變得更強大了。,驅逐黑暗,33,5,6255362,8,0,0,0,0,0,0,0,0,0,0,0
1545,聖焰使人勇氣十足,你的軍階晉升了！與拉思‧布朗梅特談話，領取神聖聖殿騎士的外袍。此外，聖焰結界也變得更強大了。,聖焰使人勇氣十足,33,10,6255612,8,0,0,0,0,0,0,0,0,0,0,0
1546,玩具：阿拉希雜耍之焰,你可以與拉思‧布朗梅特交談，購買阿拉希雜耍之焰。,玩具：阿拉希雜耍之焰,33,2,134337,8,0,0,0,0,0,0,0,0,0,0,0
1547,戰寵：曼斯先生,你可以與拉思‧布朗梅特交談，購買曼斯先生。,戰寵：曼斯先生,33,3,5648283,8,0,0,0,0,0,0,0,0,0,0,0
1548,玩具：聖焰輝光旌旗,你可以與拉思‧布朗梅特交談，購買聖焰輝光旌旗。,玩具：聖焰輝光旌旗,33,4,461816,8,0,0,0,0,0,0,0,0,0,0,0
1549,玩具：聖輝山貓之哨,你可以與拉思‧布朗梅特交談，購買聖輝山貓之哨。,玩具：聖輝山貓之哨,33,6,6012073,8,0,0,0,0,0,0,0,0,0,0,0
1550,聖輝旅人背包,你可以與拉思‧布朗梅特交談，購買聖輝旅人背包。,聖輝旅人背包,33,7,6322051,8,0,0,0,0,0,0,0,0,0,0,0
1551,聖輝飛船自訂外觀,你可以與拉思‧布朗梅特交談，購買聖輝飛船自訂外觀。,聖輝飛船自訂外觀,33,8,2915721,8,0,0,0,0,0,0,0,0,0,0,0
1552,聖輝帝王山貓,你可以與拉思‧布朗梅特交談，購買聖輝帝王山貓。,聖輝帝王山貓,33,9,6322044,8,0,0,0,0,0,0,0,0,0,0,0
1553,誤導飛彈,你可以在內陸飯店向『槍手』安多索取雷鼓啞火。,解鎖坐騎,32,8,6043870,8,0,0,0,0,0,0,0,0,0,0,0
1554,戰寵：迅爪,你可以與拉思‧布朗梅特交談，購買迅爪。,戰寵：迅爪,33,6,5648285,8,0,0,0,0,0,0,0,0,0,0,0
1582,雕刻幽坑城紋章,在莫蓋恩之淚與拉思‧布朗梅特談話，領取一袋雕刻幽坑城紋章。,解鎖雕刻紋章,33,4,5872047,8,3,0,0,0,0,0,0,0,0,0,0
1583,雕刻幽坑城紋章,在莫蓋恩之淚與拉思‧布朗梅特談話，領取一袋雕刻幽坑城紋章。,解鎖雕刻紋章,33,7,5872047,8,3,0,0,0,0,0,0,0,0,0,0
1584,雕刻幽坑城紋章,在莫蓋恩之淚與拉思‧布朗梅特談話，領取一袋雕刻幽坑城紋章。,解鎖雕刻紋章,33,10,5872047,8,3,0,0,0,0,0,0,0,0,0,0
