ID,Name_lang,SafeLocID,PlayerConditionID,Flags,Field_8_2_0_30080_005,Field_8_2_0_30080_006,WaypointMapVolumeID
6,利用傳送門從巫師聖所前往翠玉林,7262,67395,4,1,10,0
7,巫師聖所，翠玉林傳送門,7263,924,0,2,0,0
8,離開巫師聖所,7264,924,4,0,30,0
9,進入巫師聖所,7266,924,0,0,0,0
10,利用傳送門從東大地神殿前往奧丹姆,7267,37426,0,1,0,0
11,利用傳送門從東大地神殿前往海加爾山,7268,37427,0,1,0,0
12,利用傳送門從東大地神殿前往暮光高地,7269,37428,0,1,0,0
13,利用傳送門從東大地神殿前往瓦許伊爾,7270,57340,0,1,0,0
14,利用傳送門從東大地神殿前往托巴拉德,7271,924,0,1,0,0
15,利用傳送門從東大地神殿前往地深之源,7272,37429,0,1,0,0
16,奧丹姆,7273,0,0,2,0,0
17,海加爾山,7274,0,0,2,0,0
18,利用傳送門從諾達希爾前往暴風城,7275,924,0,1,0,0
19,暴風城，東大地神殿,7276,924,0,2,0,0
20,暮光高地,7277,924,0,2,0,0
21,瓦許伊爾,7278,924,0,2,0,0
22,東大地神殿，托巴拉德傳送門,7279,924,0,2,0,0
23,利用傳送門從巴拉丁營地前往暴風城,7280,924,0,1,0,0
24,地深之源,7281,924,0,2,0,0
25,利用傳送門從大地神殿前往暴風城,7282,924,0,1,0,0
26,利用傳送門從坡東村前往暴風城,7283,924,0,1,0,0
27,利用傳送門從巫師聖所前往水晶之歌森林,7284,76876,4,1,10,0
28,巫師聖所，水晶之歌森林傳送門,7285,924,0,2,0,0
29,利用傳送門從白銀領區前往暴風城,7286,924,0,1,0,0
30,利用傳送門從巫師聖所前往艾克索達,7287,924,4,1,10,0
31,巫師聖所，艾克索達傳送門,7288,924,0,2,0,0
32,利用傳送門從藍謎島前往達納蘇斯,7289,924,1,1,0,0
33,黑海岸，達納蘇斯傳送門,7290,924,0,2,0,0
36,利用傳送門從命運階梯前往暴風城,7293,924,0,1,0,0
37,利用傳送門從巫師聖所前往撒塔斯,7294,6289,4,1,10,0
38,撒塔斯，聖光露臺,7295,0,0,2,0,0
39,利用傳送門從聖光露臺前往奎爾達納斯之島,7296,0,0,1,0,0
40,聖光露臺，奎爾達納斯之島,7297,0,0,2,0,0
41,利用傳送門從聖光露臺前往暴風城,7298,924,0,1,0,0
42,利用傳送門從巫師聖所前往艾斯蘭,7299,67397,4,1,10,0
43,艾斯蘭，暴風之盾,7300,924,2,2,0,0
44,利用傳送門從暴風之盾前往達納蘇斯,7301,924,1,1,0,0
45,利用傳送門從暴風之盾前往鐵爐堡,7302,924,1,1,0,0
46,暴風之盾，鐵爐堡傳送門,7303,924,0,2,0,0
47,利用傳送門從暴風之盾前往暴風城,7304,924,0,1,0,0
48,利用傳送門從巫師聖所前往艾蘇納,7305,67396,4,1,10,0
49,巫師聖所，艾蘇納傳送門,7306,924,0,2,0,0
50,利用傳送門從崩裂之殿前往暴風城,7307,924,0,1,0,0
51,利用傳送門從巫師聖所前往波拉勒斯,7308,67398,4,1,10,0
52,巫師聖所，波拉勒斯傳送門,7309,924,0,2,0,0
53,利用傳送門從狼牙領區前往暴風城,7314,924,0,1,0,0
54,利用傳送門從七星廟前往暴風城,7315,924,0,1,0,0
55,利用傳送門從秘法大廳前往地獄火半島,7316,924,1,1,0,0
56,命運階梯，暴風城傳送門,7317,924,1,2,0,0
57,進入礦道地鐵,7318,924,0,1,0,0
58,離開至鐵爐堡,7319,924,0,2,0,0
59,搭乘地鐵,7320,924,0,0,0,0
60,搭乘地鐵,7321,924,0,0,0,0
61,利用傳送門從賢者聖所前往暴風城,7322,62085,0,1,0,0
62,利用傳送門從賢者聖所前往艾克索達,7323,62085,0,1,0,0
63,利用傳送門從賢者聖所前往鐵爐堡,7324,62085,0,1,0,0
64,在暴風城搭船前往波拉勒斯,7325,924,0,1,0,0
65,在波拉勒斯搭船前往暴風城,7326,924,0,1,0,0
66,在暴風城搭船前往驍勇要塞,7327,924,0,0,0,0
67,在驍勇要塞搭船前往暴風城,7343,924,0,0,0,0
68,在巴拉丁海灣搭船前往塞拉摩島,7328,924,0,0,0,0
69,在塞拉摩島搭船前往米奈希爾港,7329,924,0,0,0,0
70,在米奈希爾港搭船前往匕鞘海灣,7330,924,0,0,0,0
71,在匕鞘海灣搭船前往米奈希爾港,7331,924,0,0,0,0
72,在藏寶海灣搭船前往棘齒城,7332,0,0,0,0,0
73,在棘齒城搭船前往藏寶海灣,7333,0,0,0,0,0
74,在昂紐沛搭船前往默亞基港,7334,0,0,0,0,0
75,在默亞基港搭船前往昂紐沛,7335,0,0,0,0,0
76,在默亞基港搭船前往卡瑪廓,7336,0,0,0,0,0
77,在卡瑪廓搭船前往默亞基港,7337,0,0,0,0,0
78,進入巫師聖所,7338,924,1,0,0,0
79,進入礦道地鐵,7339,924,0,1,0,0
80,離開至暴風城,7340,924,0,2,0,0
81,波拉勒斯港,7344,924,0,2,0,0
82,和碼頭管理員交談前往波拉勒斯,7345,924,0,1,0,0
83,和碼頭管理員交談前往波拉勒斯,7346,924,0,1,0,0
84,在沃魯敦搭船前往波拉勒斯,7347,924,0,1,0,0
85,前往德拉諾的黑暗之門,7348,69532,0,1,0,0
86,前往暴風之盾的黑暗之門，艾斯蘭,7349,33093,2,2,0,0
87,前往影月谷的黑暗之門,7350,924,2,2,0,0
88,前往塔南突襲的黑暗之門,7351,87481,0,2,0,0
89,前往地獄火半島的黑暗之門,7352,0,0,2,0,0
90,前往詛咒之地的黑暗之門,7353,0,0,1,0,0
91,詛咒之地，黑暗之門,7348,0,0,2,0,0
92,前往外域的黑暗之門,7348,69535,0,1,0,0
93,利用傳送門從梵迪卡爾前往達拉然,7354,0,0,1,0,0
94,利用傳送門從梵迪卡爾前往達拉然,7355,0,0,1,0,0
95,利用傳送門從梵迪卡爾前往達拉然,7356,0,0,1,0,0
96,卡薩斯平臺，達拉然,7357,0,0,2,0,0
97,鐵爐堡入口,7358,924,1,0,0,0
98,"Wizard's Sanctum, Portal to Shattrath [DNT TEMP]",7294,70119,1,1,0,0
99,利用傳送門從西大地神殿前往海加爾山,7386,37427,0,1,0,0
100,利用傳送門從諾達希爾前往奧格瑪,7387,923,0,1,0,0
101,探路者巢穴,7388,923,0,2,0,0
102,利用傳送門從西大地神殿前往地深之源,7389,37429,0,1,0,0
103,地深之源,7390,923,0,2,0,0
104,利用傳送門從大地神殿前往奧格瑪,7391,923,0,1,0,0
105,利用傳送門從西大地神殿前往暮光高地,7392,37428,0,1,0,0
106,暮光高地,7393,923,0,2,0,0
107,利用傳送門從龍喉港前往奧格瑪,7394,76948,0,1,0,0
108,西大地神殿,7395,923,0,2,0,0
109,利用傳送門從西大地神殿前往奧丹姆,7396,37426,0,1,0,0
110,利用傳送門從西大地神殿前往瓦許伊爾,7397,57341,0,1,0,0
111,瓦許伊爾,7398,923,0,2,0,0
112,利用傳送門從西大地神殿前往托巴拉德,7399,923,0,1,0,0
113,托巴拉德,7400,923,0,2,0,0
114,利用傳送門從地獄吼之握前往奧格瑪,7401,923,0,1,0,0
115,使用探路者巢穴的銀月城傳送門,7402,923,0,1,0,0
116,銀月城,7403,923,0,2,0,0
117,利用傳送門從日怒尖塔前往奧格瑪,7404,923,0,1,0,0
118,使用聖所內廳的傳送寶珠前往幽暗城,7405,923,0,1,0,0
119,提里斯法林地,7406,923,0,2,0,0
120,使用探路者巢穴的撒塔斯傳送門,7407,6289,0,1,0,0
121,利用傳送門從聖光露臺前往奧格瑪,7408,923,0,1,0,0
122,使用探路者巢穴的艾斯蘭傳送門,7409,67336,0,1,0,0
123,艾斯蘭，戰爭之矛,7410,923,2,2,0,0
124,利用傳送門從暴風之盾前往塔南森林,7411,33077,0,1,0,0
125,利用傳送門從雄獅堡前往艾斯蘭,7412,33077,0,1,0,0
126,利用傳送門從元素之塔前往奧格瑪,7413,923,0,1,0,0
127,利用傳送門從沃爾瑪前往艾斯蘭,7414,33174,0,1,0,0
128,利用傳送門從戰爭之矛前往塔南森林,7415,32338,0,1,0,0
129,使用探路者巢穴的艾蘇納傳送門,7416,67394,0,1,0,0
130,利用傳送門從崩裂之殿前往奧格瑪,7417,923,0,1,0,0
131,艾蘇納,7417,923,0,2,0,0
132,使用探路者巢穴的祖達薩傳送門,7418,67389,0,1,0,0
133,祖達薩，古道大廳,7419,923,0,2,0,0
134,利用傳送門從古道大廳前往銀月城,7420,923,0,1,0,0
135,利用傳送門從古道大廳前往奧格瑪,7421,74271,0,1,0,0
136,利用傳送門從古道大廳前往雷霆崖,7422,923,0,1,0,0
137,雷霆崖，預見之池,7423,923,0,2,0,0
138,利用傳送門從古道大廳前往希利蘇斯,7424,57388,0,1,0,0
139,利用傳送門從麥格尼的營地前往祖達薩,7425,57388,0,1,0,0
140,使用探路者巢穴的翠玉林傳送門,7426,67388,0,1,0,0
141,甘露村,7427,923,0,2,0,0
142,利用傳送門從甘露村前往奧格瑪,7427,923,0,1,0,0
143,利用傳送門從雙月廟前往奧格瑪,7428,923,0,1,0,0
144,使用探路者巢穴的水晶之歌森林傳送門,7429,76876,0,1,0,0
145,水晶之歌森林,7431,923,0,2,0,0
146,利用傳送門從奪日者聖堂前往奧格瑪,7434,923,0,1,0,0
147,利用傳送門從奧格瑪前往幽暗城,7437,923,0,1,0,0
148,在奧格瑪搭乘飛艇前往荊棘谷,7438,923,0,0,0,0
149,在格羅姆高營地搭乘飛艇前往奧格瑪,7439,923,0,0,0,0
150,在奧格瑪搭乘飛艇前往北風凍原,7440,923,0,0,0,0
151,在戰歌營地搭乘飛艇前往奧格瑪,7441,923,0,0,0,0
152,利用傳送門從命運階梯前往奧格瑪,7443,923,0,1,0,0
153,利用傳送門從你的要塞前往艾斯蘭,7444,28959,0,1,0,0
154,利用傳送門從你的要塞前往艾斯蘭,7445,28958,0,1,0,0
155,祖達薩傳送門,7446,923,0,2,0,0
156,和碼頭管理員交談前往祖達薩,7447,923,0,1,0,0
157,和碼頭管理員交談前往祖達薩,7448,923,0,1,0,0
158,和碼頭管理員交談前往祖達薩,7449,923,0,1,0,0
159,前往德拉諾的黑暗之門,7348,70212,0,1,0,0
160,前往霜火峰的黑暗之門,7450,923,2,2,0,0
161,前往戰爭之矛的黑暗之門，艾斯蘭,7459,33093,2,2,0,0
162,礦道地鐵入口,7339,924,0,2,0,0
163,離開礦道地鐵,7318,924,0,2,0,0
164,乘船前往波拉勒斯港，提拉加德海灣,7325,924,0,2,0,0
165,暴風城船舶出口,7326,924,0,2,0,0
166,前往暴風城的出口,7340,924,0,1,0,0
167,前往鐵爐堡的出口,7319,924,0,1,0,0
168,利用傳送門從梅札米爾前往波拉勒斯,7484,69813,0,1,0,0
169,利用傳送門從賢者聖所前往納沙塔爾,7485,70647,0,1,0,0
170,賢者聖所，納沙塔爾傳送門,7485,70647,0,2,0,0
171,波拉勒斯傳送門,7484,69813,0,2,0,0
172,利用傳送門從梅札米爾前往波拉勒斯,7484,69813,1,1,0,0
173,利用傳送門從古道大廳前往納沙塔爾,7488,70647,0,1,0,0
174,利用傳送門從新鄉前往祖達薩,7489,70274,0,1,0,0
175,祖達薩傳送門,7489,70274,0,2,0,0
176,在祖達薩搭乘潛水艇前往機械岡,7491,69452,0,1,0,0
177,克羅茲船長,7491,69452,0,2,0,0
178,指南灣，機械岡,7492,923,0,2,0,0
179,在機械岡搭乘潛水艇前往祖達薩,7493,70284,0,1,0,0
180,利用傳送門從風行者聖堂前往奧格瑪,7494,923,0,1,0,0
181,搭乘女妖之嚎前往庫爾提拉斯,7495,5703,1,0,0,0
182,搭乘女妖之嚎前往贊達拉,7496,5703,1,0,0,0
183,搭乘女妖之嚎前往納茲米爾,7496,61891,0,1,0,0
184,搭乘女妖之嚎前往沃魯敦,7496,61797,0,1,0,0
185,搭乘女妖之嚎前往祖達薩,7496,61892,0,1,0,0
186,搭乘女妖之嚎前往提拉加德海灣,7495,75528,0,1,0,0
187,搭乘女妖之嚎前往佐司瓦,7495,61897,0,1,0,0
188,搭乘女妖之嚎前往斯陀頌恩谷地,7495,61723,0,1,0,0
189,搭乘女妖之嚎前往提拉加德海灣,7497,75530,0,2,0,0
190,搭乘女妖之嚎前往斯陀頌恩谷地,7498,61723,0,2,0,0
191,搭乘女妖之嚎前往佐司瓦,7499,61897,0,2,0,0
192,搭乘女妖之嚎前往祖達薩,7500,61892,0,2,0,0
193,搭乘女妖之嚎前往納茲米爾,7501,61891,0,2,0,0
194,搭乘女妖之嚎前往沃魯敦,7502,61797,0,2,0,0
195,利用傳送門從麥格尼的營地前往祖達薩,7425,923,0,2,0,0
196,利用傳送門從賢者聖所前往希利蘇斯,7517,57389,0,1,0,0
197,利用傳送門從麥格尼的營地前往祖達薩,7518,924,0,2,0,0
198,利用傳送門從麥格尼的營地前往提拉加德海灣,7519,57389,0,1,0,0
199,賢者聖所,7520,924,0,2,0,0
202,艾斯蘭，暴風之盾,7300,0,0,2,0,0
203,使用探路者巢穴的時光之穴傳送門,7656,112273,16,1,0,0
204,使用時光之穴的奧格瑪傳送門,7657,130569,16,1,0,0
205,使用巫師聖所的時光之穴傳送門,7659,924,4,1,10,0
207,時光之穴,7655,0,16,2,0,0
208,使用時光之穴的暴風城傳送門,7658,130571,0,1,0,0
209,利用傳送門從暴風城前往達納蘇斯,7660,924,0,1,0,0
210,利用傳送門從魯瑟蘭村前往暴風城,7661,924,0,1,0,0
211,黑海岸，達納蘇斯傳送門,7662,924,0,2,0,0
212,使用探路者巢穴的祖達薩傳送門,7676,67389,1,1,0,0
213,利用傳送門從提里斯法林地前往奧格瑪,7894,77256,0,1,0,0
214,利用傳送門從提里斯法林地前往荊棘谷,7895,77256,0,1,0,0
215,利用傳送門從提里斯法林地前往凜風峽灣,7896,77256,0,1,0,0
216,凜風峽灣,7897,923,0,2,0,0
217,荊棘谷,7898,923,0,2,0,0
218,使用探路者巢穴的奧睿博司傳送門,8017,79400,0,1,0,0
219,使用巫師聖所的奧睿博司傳送門,8018,79400,4,1,10,0
220,巫師聖所，奧睿博司傳送門,8019,924,0,2,0,0
221,巫師聖所，奧睿博司傳送門,8020,923,0,2,0,0
222,開啟通往暴風城的傳送門,0,81254,8,1,0,0
223,開啟通往鐵爐堡的傳送門,0,81255,8,1,0,0
224,開啟通往達納蘇斯的傳送門,0,81256,8,1,0,0
225,開啟通往艾克索達的傳送門,0,81257,8,1,0,0
226,開啟通往塞拉摩的傳送門,0,81258,8,1,0,0
227,開啟通往奧格瑪的傳送門,0,81259,8,1,0,0
228,開啟通往幽暗城的傳送門,0,81260,8,1,0,0
229,開啟通往雷霆崖的傳送門,0,81261,8,1,0,0
230,開啟通往銀月城的傳送門,0,81262,8,1,0,0
231,開啟通往斯通納德的傳送門,0,81263,8,1,0,0
232,開啟通往撒塔斯的傳送門,0,81264,8,1,0,0
233,開啟通往撒塔斯的傳送門,0,81265,8,1,0,0
234,開啟通往達拉然 - 北裂境的傳送門,0,81266,8,1,0,0
235,開啟通往托巴拉德的傳送門,0,81267,8,1,0,0
236,開啟通往托巴拉德的傳送門,0,81268,8,1,0,0
237,開啟通往遠古達拉然的傳送門,0,81269,8,1,0,0
238,開啟通往恆春谷的傳送門,0,81270,8,1,0,0
239,開啟通往恆春谷的傳送門,0,81271,8,1,0,0
240,開啟通往暴風之盾的傳送門,0,81272,8,1,0,0
241,開啟通往戰爭之矛的傳送門,0,81273,8,1,0,0
242,開啟通往守護者殿堂的傳送門,0,81275,8,1,0,0
243,開啟通往達拉然 - 破碎群島的傳送門,0,81276,8,1,0,0
244,開啟通往波拉勒斯的傳送門,0,81277,8,1,0,0
245,開啟通往達薩亞洛的傳送門,0,81278,8,1,0,0
246,暴風城,8207,81254,0,2,0,0
247,鐵爐堡,8208,81255,0,2,0,0
248,達納蘇斯,8209,81256,0,2,0,0
249,艾克索達,8210,81257,0,2,0,0
250,塞拉摩,8211,81258,0,2,0,0
251,撒塔斯,8212,81264,0,2,0,0
252,達拉然 - 北裂境,8213,81266,0,2,0,0
253,托巴拉德,8214,81267,0,2,0,0
254,遠古達拉然,8215,81269,0,2,0,0
255,恆春谷,8216,81270,0,2,0,0
256,風暴之盾,8217,81272,0,2,0,0
257,守護者殿堂,8218,81275,0,2,0,0
258,達拉然 - 破碎群島,8219,81276,0,2,0,0
259,波拉勒斯,8220,81277,0,2,0,0
260,奧格瑪,8221,81259,0,2,0,0
261,幽暗城,8222,81260,0,2,0,0
262,雷霆崖,8223,81261,0,2,0,0
263,銀月,8224,81262,0,2,0,0
264,斯通納德,8225,81263,0,2,0,0
265,撒塔斯,8226,81265,0,2,0,0
266,托巴拉德,8227,81268,0,2,0,0
267,恆春谷,8228,81271,0,2,0,0
268,戰爭之矛,8229,81273,0,2,0,0
269,達薩亞洛,8230,81278,0,2,0,0
270,從樞運之環跳入淵喉,8323,93068,16,1,0,0
271,淵喉,8324,93068,16,2,0,0
272,使用奧睿博司甬道石,8342,80945,4,1,0,0
273,奧睿博司,8343,0,16,2,0,0
274,瑞文崔斯,8355,0,16,2,0,0
275,瑪卓薩斯,8357,0,16,2,0,0
276,從入口傳送門進入托迦司,8452,87423,0,1,0,0
277,從出口離開托迦司,8451,83810,0,1,0,0
278,從出口離開托迦司,8454,83810,16,2,0,0
279,從入口傳送門進入托迦司,8455,87423,0,2,0,0
280,前往外域的黑暗之門,7348,0,0,1,0,0
281,利用傳送門從奧睿博司前往暴風城,8460,87609,0,1,0,0
282,奧睿博司,8461,87609,0,2,0,0
283,利用傳送門從暴風城前往奧睿博司,8460,87609,0,1,0,0
284,利用傳送門從奧睿博司前往奧格瑪,8463,87617,0,1,0,0
285,奧睿博司,8464,87617,0,2,0,0
286,利用傳送門從奧格瑪前往奧睿博司,8465,87617,0,1,0,0
287,開啟通往奧睿博司的傳送門,0,88449,8,1,0,0
288,暗影之境，奧睿博司,8475,88449,0,2,0,0
289,瑪卓薩斯,8486,0,16,2,0,0
290,瑪卓薩斯,8487,0,16,2,0,0
291,使用維娜里避難所的靈魄之流傳送器前往科西亞,8756,0,17,1,0,0
292,使用維娜里避難所的靈魄之流傳送器前往科西亞,8757,0,17,2,0,0
293,使用守衛者歇息地的甬道石前往奧睿博司,8758,93069,4,1,0,0
294,使用守衛者歇息地的甬道石前往奧睿博司,8759,0,16,2,0,0
295,使用樞運之環的傳送門前往科西亞,8759,93068,16,1,0,0
296,使用樞運之環的傳送門前往科西亞,8758,93068,16,2,0,0
297,在樞運之環使用傳送門前往澤瑞斯莫提斯,9138,94989,4,1,0,0
298,在樞運之環使用傳送門前往澤瑞斯莫提斯,9139,0,0,2,0,0
299,在幾何洞窟使用甬道石前往奧睿博司,9139,0,0,1,0,0
300,在幾何洞窟使用甬道石前往奧睿博司,9138,0,0,2,0,0
301,在奧睿博司與塔因納拉談話，以前往澤瑞斯莫提斯,9174,94561,4,1,0,0
302,使用羅德隆廢墟的傳送門前往奧格瑪,9233,97144,0,1,0,0
303,使用羅德隆廢墟的傳送門前往荊棘谷,9234,97144,0,1,0,0
304,使用羅德隆廢墟的傳送門前往凜風峽灣,9235,97144,0,1,0,0
305,乘船從暴風城前往甦醒海岸,9501,924,0,1,0,0
306,前往甦醒海岸的船,9502,924,0,2,0,0
307,前往甦醒海岸的飛艇,9503,923,0,2,0,0
308,搭乘飛艇從奧格瑪前往甦醒海岸,9504,923,0,1,0,0
309,使用傳送門從奧格瑪前往沃卓肯,9505,103380,0,1,0,0
310,沃卓肯傳送門,9506,103380,0,2,0,0
311,沃卓肯傳送門,9507,103379,0,2,0,0
312,使用傳送門從暴風城前往沃卓肯,9508,103379,4,1,30,0
313,使用傳送門從沃卓肯前往暴風城,9507,103379,0,1,0,0
314,暴風城傳送門,9508,103379,4,1,30,0
315,乘船從甦醒海岸前往暴風城,9502,924,0,1,0,0
316,開往暴風城的船隻,9501,924,0,2,0,0
317,離開巫師聖所,9508,103379,4,1,30,0
318,奧格瑪傳送門,9505,103380,0,2,0,0
319,使用傳送門從沃卓肯前往奧格瑪,9506,103380,0,1,0,0
320,奧格瑪飛艇,9504,923,0,2,0,0
321,搭乘飛艇從甦醒海岸前往奧格瑪,9503,923,0,1,0,0
322,穿越坑道離開扎拉萊克洞窟,9610,0,0,1,0,0
323,前往雍亞拉平原的坑道,9611,0,0,2,0,0
324,穿越坑道進入扎拉萊克洞窟,9612,0,0,1,0,0
325,前往扎拉萊克洞窟的坑道,9613,0,0,2,0,0
326,開啟通往沃卓肯的傳送門,0,109942,8,1,0,0
327,沃卓肯 - 巨龍群島,9630,109942,0,2,0,0
328,穿越坑道離開扎拉萊克洞窟,9631,0,0,1,0,0
329,前往蒼藍高地的坑道,9632,0,0,2,0,0
330,穿越坑道離開扎拉萊克洞窟,9633,0,0,1,0,0
331,前往雍亞拉平原的坑道,9634,0,0,2,0,0
332,穿越坑道進入扎拉萊克洞窟,9635,0,0,1,0,0
333,前往扎拉萊克洞窟的坑道,9636,0,0,2,0,0
334,穿越坑道進入扎拉萊克洞窟,9637,0,0,1,0,0
335,前往扎拉萊克洞窟的坑道,9638,0,0,2,0,0
336,從達拉然前往聖光會堂的傳送門,9766,41396,16,1,0,0
337,聖光會堂傳送門,9767,41396,16,2,0,0
338,達拉然傳送門,9766,41396,0,2,0,0
339,從聖光會堂前往達拉然的傳送門,9767,41396,0,1,0,0
340,從達拉然前往聖光會堂的傳送門,9768,41395,16,1,0,0
341,聖光會堂傳送門,9767,41395,16,2,0,0
342,從聖光會堂前往達拉然的傳送門,9767,41395,0,1,0,0
343,達拉然傳送門,9768,41395,0,2,0,0
344,經由遠古枝幹傳送門進入翡翠夢境,9777,0,0,1,0,0
345,經由遠古枝幹傳送門離開翡翠夢境,9778,0,0,2,0,0
346,經由遠古枝幹傳送門離開翡翠夢境,9779,0,0,1,0,0
347,遠古枝幹翡翠夢境傳送門,9780,0,0,2,0,0
351,使用傳送門從奧格瑪前往羅德隆廢墟,7437,113979,0,1,0,0
352,羅德隆廢墟,9792,113979,0,2,0,0
353,使用傳送門從凜風峽灣前往羅德隆廢墟,9793,113979,0,1,0,0
354,使用傳送門從格羅姆高前往羅德隆廢墟,7898,113979,0,1,0,0
355,使用傳送門從羅德隆廢墟前往奧格瑪,9794,113979,0,2,0,0
356,使用傳送門從羅德隆廢墟前往凜風峽灣,9795,113979,0,1,0,0
357,使用傳送門從羅德隆廢墟前往格羅姆高,9796,113979,0,1,0,0
360,使用傳送門前往禮品盛會,9924,116631,0,1,0,0
361,禮品盛會傳送門,9925,923,0,2,0,0
362,禮品盛會傳送門,9926,924,0,2,0,0
363,使用傳送門前往禮品盛會,9927,116631,0,1,0,0
364,使用傳送門前往禮品盛會,9928,116631,0,1,0,0
365,使用傳送門前往禮品盛會,9929,116631,0,1,0,0
366,使用傳送門前往禮品盛會,9930,116631,0,1,0,0
367,使用傳送門前往禮品盛會,9931,116631,0,1,0,0
368,使用傳送門前往禮品盛會,9932,116631,0,1,0,0
369,經由沃卓肯傳送門進入翡翠夢境,9945,0,0,1,0,0
370,利用傳送門從貝拉梅斯前往暴風城,9950,924,0,1,0,0
371,暴風城傳送門,9951,924,0,2,30,0
372,利用傳送門從暴風城前往貝拉梅斯,9951,924,0,1,0,0
373,貝拉梅斯傳送門,9950,924,0,2,30,0
374,利用傳送門從貝拉梅斯前往黑海岸,9952,924,0,1,0,0
375,黑海岸傳送門,9953,924,0,2,0,0
376,利用傳送門從黑海岸前往貝拉梅斯,9954,924,4,1,0,0
377,貝拉梅斯傳送門,9792,924,0,2,0,0
378,利用傳送門從貝拉梅斯前往海加爾山,9955,4383,0,1,0,0
379,海加爾山傳送門,9956,4383,0,2,0,0
380,利用傳送門從海加爾山前往貝拉梅斯,9957,4383,0,1,0,0
381,貝拉梅斯傳送門,9958,4383,0,2,0,0
382,利用傳送門從埃達希爾前往羽月要塞,9963,924,0,1,0,0
383,維爾薩拉傳送門,9960,924,0,2,0,0
384,利用傳送門從維爾薩拉前往貝拉梅斯,9961,924,0,1,0,0
385,貝拉梅斯傳送門,9962,924,0,2,0,0
386,羽月要塞傳送門,9964,924,0,2,0,0
387,利用傳送門從羽月要塞前往貝拉梅斯,9965,924,0,1,0,0
388,貝拉梅斯傳送門,9966,924,0,2,0,0
389,利用傳送門從多恩諾加前往奧格瑪,10073,120899,0,1,0,0
390,利用傳送門從多恩諾加前往暴風城,10074,120900,0,1,0,0
391,奧格瑪傳送門,10075,120899,0,2,0,0
392,利用傳送門從奧格瑪前往多恩諾加,10076,120899,0,1,0,0
393,多恩諾加傳送門,10077,120899,0,2,0,0
394,暴風城傳送門,10078,120900,0,2,0,0
395,利用傳送門從暴風城前往多恩諾加,10079,120900,4,1,30,0
396,多恩諾加傳送門,10080,120900,0,2,0,0
397,開啟通往多恩諾加的傳送門,0,121677,8,1,0,0
398,多恩諾加 - 卡茲阿爾加,10155,121677,0,2,0,0
399,翡翠夢境傳送門,10177,0,0,2,0,0
400,穿過地心通途前往多恩島,10196,0,50,1,0,4
401,離開以前往多恩島,10197,0,50,2,0,4
402,穿過地心通途前往鳴響深淵,10194,0,50,1,0,1
403,離開以前往鳴響深淵,10195,0,50,2,0,1
404,利用傳送門從塵泥沼澤前往達拉然,10186,5793,0,1,0,0
405,利用傳送門從達拉然前往塵泥沼澤,10187,5793,0,2,0,0
406,利用傳送門從龍骨荒野前往達拉然,10188,5793,0,1,0,0
407,利用傳送門從達拉然前往龍骨荒野,10189,5793,0,2,0,0
408,利用傳送門從達拉然前往灼熱峽谷,10190,5793,0,2,0,0
409,利用傳送門從灼熱峽谷前往達拉然,10191,5793,0,1,0,0
414,穿過聖落之地大門前往聖落之地,10198,0,50,1,0,4
415,離開以前往聖落之地,10199,0,50,2,0,3
416,穿過聖落之地大門前往鳴響深淵,10200,0,50,1,0,3
417,離開以前往鳴響深淵,10201,0,50,2,0,4
418,穿過阿拉希臨終之地前往阿茲-卡罕特,10202,0,50,1,0,3
419,離開以前往阿茲-卡罕特,10203,0,50,2,0,2
420,穿過呢喃裂谷前往阿茲-卡罕特,10204,0,50,1,0,3
421,離開以前往阿茲-卡罕特,10205,0,50,2,0,2
422,穿過阿拉希臨終之地前往聖落之地,10206,0,50,1,0,2
423,離開以前往聖落之地,10207,0,50,2,0,3
424,離開以前往聖落之地,10208,0,50,2,0,3
425,穿過呢喃裂谷前往聖落之地,10209,0,50,1,0,2
426,使用排水溝鑽頭進入幽坑城,10228,0,0,1,0,0
427,前往幽坑城的火箭鑽頭,10225,0,0,2,0,0
428,使用排水溝鑽頭離開幽坑城,10226,0,0,1,0,0
429,前往鳴響深淵的火箭鑽頭,10227,0,0,2,0,0
430,使用岸邊鑽頭進入幽坑城,10230,0,0,1,0,0
431,前往幽坑城的火箭鑽頭,10231,0,0,2,0,0
432,阿茲-卡罕特,10233,0,19,0,0,0
433,聖落之地,10234,0,19,0,0,0
434,阿茲-卡罕特,10235,0,19,0,0,0
435,利用傳送門從暴風城前往達拉然,10246,0,0,1,0,0
436,利用傳送門從暴風城前往達拉然,10247,0,0,2,0,0
437,利用傳送門從奧格瑪前往達拉然,10248,0,0,1,0,0
438,利用傳送門從奧格瑪前往達拉然,10249,0,0,2,0,0
439,鳴響深淵出口,10255,0,50,0,0,4
440,穿過涓流深淵前往阿茲-卡罕特,10261,0,50,1,0,4
441,離開以前往阿茲-卡罕特,10262,0,50,2,0,2
442,穿過涓流深淵前往鳴響深淵,10264,0,50,1,0,2
443,離開以前往鳴響深淵,10263,0,50,2,0,4
444,鑽入地穴前往阿茲-卡罕特,10265,118328,18,1,0,1
445,離開以前往阿茲-卡罕特,10266,118328,18,2,0,2
446,穿過地心通途,10268,118328,18,2,0,1
447,鑽入地穴前往多恩諾加,10267,118328,18,1,0,2
448,穿過地心通途,10285,0,50,0,0,1
449,與達拉然的卡德加交談，啟程前往卡茲阿爾加。,10291,0,0,1,0,0
450,與達拉然的卡德加交談，啟程前往卡茲阿爾加。,10292,0,0,2,0,0
451,使用岸邊鑽頭離開幽坑城,10318,0,0,1,0,0
452,前往祖達薩的火箭鑽頭,10319,0,0,2,0,0
453,使用時光之穴的奧格瑪傳送門,10393,130567,16,1,0,0
454,使用時光之穴的暴風城傳送門,10394,130568,0,1,0,0
455,搭乘飛艇從海妖島前往多恩諾加,10397,0,0,1,0,0
456,多恩諾加飛艇,10398,128915,0,2,0,0
457,與艇長談話，前往海妖島,10399,0,0,1,0,0
458,海妖島飛艇,10400,0,0,2,0,0
459,搭乘鑽地機從海妖島前往剛達加茲,10402,0,0,1,0,0
460,剛達加茲鑽地機,10403,128915,0,1,0,0
461,搭乘鑽地機從剛達加茲前往海妖島,10404,0,0,1,0,0
462,海妖島鑽地機,10405,0,0,2,0,0
473,使用傳送器前往幽坑城,10447,132220,0,1,0,0
474,幽坑城傳送器,10448,132220,0,2,0,0
475,使用傳送器前往多恩諾加,10449,132220,0,1,0,0
476,多恩諾加傳送器,10450,132220,0,2,0,0
